frame,time_seconds,player_id,confidence,x1,y1,x2,y2,ground_x,ground_y,inside_forward50,zone
0,0.0,1,0.789,1379.29,700.81,1421.99,800.84,1400.64,800.84,True,central_corridor
0,0.0,2,0.7385,1479.92,848.74,1535.87,985.57,1507.89,985.57,False,outside
0,0.0,3,0.7338,1178.73,718.31,1226.86,813.36,1202.8,813.36,True,central_corridor
0,0.0,4,0.6747,99.81,569.47,127.15,636.75,113.48,636.75,True,left_pocket
0,0.0,5,0.6338,1443.75,716.57,1482.45,817.19,1463.1,817.19,True,central_corridor
0,0.0,6,0.5624,1016.44,530.23,1038.46,598.39,1027.45,598.39,True,left_half_forward
0,0.0,7,0.5608,939.81,552.71,960.35,610.77,950.08,610.77,True,left_half_forward
0,0.0,8,0.4196,1231.35,707.97,1278.29,812.61,1254.82,812.61,True,central_corridor
0,0.0,9,0.3951,220.59,499.5,243.0,552.28,231.79,552.28,False,outside
0,0.0,10,0.3825,1358.6,592.59,1394.2,677.6,1376.4,677.6,True,central_corridor
0,0.0,11,0.357,129.05,517.15,148.35,564.06,138.7,564.06,False,outside
1,0.02,1,0.8224,1380.18,701.21,1421.06,800.2,1400.62,800.2,True,central_corridor
1,0.02,2,0.7308,1480.67,847.64,1534.68,985.56,1507.68,985.56,False,outside
1,0.02,3,0.7173,1177.42,718.71,1224.18,805.55,1200.8,805.55,True,central_corridor
1,0.02,4,0.7136,99.83,569.75,127.32,635.92,113.58,635.92,True,left_pocket
1,0.02,5,0.6333,1442.48,716.24,1480.27,816.42,1461.38,816.42,True,central_corridor
1,0.02,6,0.4147,1016.94,532.49,1043.71,598.91,1030.33,598.91,True,left_half_forward
1,0.02,7,0.6536,940.97,553.1,963.59,615.62,952.28,615.62,True,left_half_forward
1,0.02,8,0.3892,1226.98,707.43,1272.94,808.01,1249.96,808.01,True,central_corridor
1,0.02,9,0.4007,220.44,498.48,244.23,552.91,232.33,552.91,False,outside
1,0.02,10,0.5179,1349.57,592.08,1394.52,681.23,1372.04,681.23,True,central_corridor
2,0.04,1,0.8244,1380.26,701.2,1420.68,800.44,1400.47,800.44,True,central_corridor
2,0.04,2,0.7309,1480.83,847.44,1534.59,985.58,1507.71,985.58,False,outside
2,0.04,3,0.7126,1177.2,718.83,1223.04,804.4,1200.12,804.4,True,central_corridor
2,0.04,4,0.7081,99.89,569.77,127.51,635.9,113.7,635.9,True,left_pocket
2,0.04,5,0.6246,1442.26,716.37,1480.05,816.21,1461.16,816.21,True,central_corridor
2,0.04,6,0.4107,1017.01,532.86,1044.86,599.45,1030.94,599.45,True,left_half_forward
2,0.04,7,0.6646,940.98,553.24,964.36,616.85,952.67,616.85,True,left_half_forward
2,0.04,8,0.3985,1225.86,707.36,1273.71,807.65,1249.78,807.65,True,central_corridor
2,0.04,9,0.4006,220.5,499.24,244.4,553.07,232.45,553.07,False,outside
2,0.04,10,0.5217,1348.01,591.98,1394.51,681.79,1371.26,681.79,True,central_corridor
3,0.06,1,0.8097,1381.17,702.68,1420.12,800.18,1400.65,800.18,True,central_corridor
3,0.06,2,0.7295,1480.74,847.62,1533.88,985.57,1507.31,985.57,False,outside
3,0.06,3,0.626,1175.25,718.27,1219.66,806.14,1197.46,806.14,True,central_corridor
3,0.06,4,0.7296,99.83,569.55,127.58,635.91,113.71,635.91,True,left_pocket
3,0.06,5,0.5801,1440.55,716.5,1479.67,816.91,1460.11,816.91,True,central_corridor
3,0.06,6,0.4381,1017.01,534.22,1047.42,598.02,1032.22,598.02,True,left_half_forward
3,0.06,7,0.6991,941.96,554.09,967.9,616.66,954.93,616.66,True,left_half_forward
3,0.06,8,0.3509,1218.85,707.56,1268.95,814.7,1243.9,814.7,True,central_corridor
3,0.06,9,0.3892,220.6,500.24,243.58,552.57,232.09,552.57,False,outside
3,0.06,10,0.5164,1350.54,591.84,1393.7,680.57,1372.12,680.57,True,central_corridor
3,0.06,11,0.3501,129.55,519.23,150.47,564.71,140.01,564.71,False,outside
4,0.08,1,0.8018,1381.62,703.2,1419.85,800.31,1400.74,800.31,True,central_corridor
4,0.08,2,0.7311,1480.82,847.63,1533.79,985.29,1507.3,985.29,False,outside
4,0.08,3,0.6325,1174.64,718.03,1218.47,806.8,1196.55,806.8,True,central_corridor
4,0.08,4,0.7225,99.8,569.57,127.65,635.83,113.73,635.83,True,left_pocket
4,0.08,5,0.5817,1439.06,717.41,1477.49,817.52,1458.27,817.52,True,central_corridor
4,0.08,6,0.4317,1016.98,534.48,1048.26,597.62,1032.62,597.62,True,left_half_forward
4,0.08,7,0.6949,942.3,554.32,969.01,616.41,955.66,616.41,True,left_half_forward
4,0.08,8,0.3997,1218.67,705.58,1266.79,809.09,1242.73,809.09,True,central_corridor
4,0.08,9,0.3867,220.61,500.68,243.19,552.05,231.9,552.05,False,outside
4,0.08,10,0.5115,1351.83,592.01,1393.39,680.05,1372.61,680.05,True,central_corridor
5,0.1,1,0.7987,1383.19,702.69,1418.8,802.38,1400.99,802.38,True,central_corridor
5,0.1,2,0.7284,1480.87,847.64,1534.09,985.18,1507.48,985.18,False,outside
5,0.1,3,0.5772,1172.66,717.51,1218.26,808.76,1195.46,808.76,True,central_corridor
5,0.1,4,0.7066,99.95,569.07,126.61,636.45,113.28,636.45,True,left_pocket
5,0.1,5,0.6062,1436.74,717.76,1475.28,820.06,1456.01,820.06,True,central_corridor
5,0.1,6,0.4077,1019.95,535.71,1048.49,596.87,1034.22,596.87,True,left_half_forward
5,0.1,7,0.6348,943.4,553.43,970.72,617.19,957.06,617.19,True,left_half_forward
5,0.1,8,0.4365,1216.05,706.76,1278.91,806.98,1247.48,806.98,True,central_corridor
5,0.1,9,0.3693,220.56,501.49,242.57,551.21,231.56,551.21,False,outside
5,0.1,10,0.5189,1349.68,590.9,1393.98,680.2,1371.83,680.2,True,central_corridor
6,0.12,1,0.7976,1383.73,702.11,1418.42,803.16,1401.08,803.16,True,central_corridor
6,0.12,2,0.7253,1481.06,847.7,1534.16,985.14,1507.61,985.14,False,outside
6,0.12,3,0.5865,1171.92,717.07,1218.46,808.35,1195.19,808.35,True,central_corridor
6,0.12,4,0.7019,100.01,568.88,126.39,636.24,113.2,636.24,True,left_pocket
6,0.12,5,0.6095,1435.96,717.87,1474.43,821.18,1455.19,821.18,True,central_corridor
6,0.12,6,0.419,1020.67,536.03,1048.45,596.92,1034.56,596.92,True,left_half_forward
6,0.12,7,0.6364,943.81,553.09,971.33,617.09,957.57,617.09,True,left_half_forward
6,0.12,8,0.4414,1215.64,707.3,1281.0,805.57,1248.32,805.57,True,central_corridor
6,0.12,9,0.3798,220.46,501.71,242.52,551.06,231.49,551.06,False,outside
6,0.12,10,0.5268,1348.75,590.5,1394.11,680.54,1371.43,680.54,True,central_corridor
7,0.14,1,0.7385,1383.51,703.1,1418.4,805.52,1400.96,805.52,True,central_corridor
7,0.14,2,0.7243,1481.22,847.75,1533.89,985.0,1507.55,985.0,False,outside
7,0.14,3,0.5436,1168.92,715.27,1216.88,809.27,1192.9,809.27,True,central_corridor
7,0.14,4,0.7104,100.21,568.84,126.09,636.43,113.15,636.43,True,left_pocket
7,0.14,5,0.6922,1434.65,718.28,1472.96,821.52,1453.81,821.52,True,central_corridor
7,0.14,6,0.3734,1022.99,537.23,1049.2,596.68,1036.09,596.68,True,left_half_forward
7,0.14,7,0.5032,944.09,554.0,971.72,617.3,957.9,617.3,True,left_half_forward
7,0.14,8,0.4156,1207.82,706.66,1283.31,803.46,1245.56,803.46,True,central_corridor
7,0.14,9,0.3971,220.28,501.5,241.65,551.21,230.96,551.21,False,outside
7,0.14,10,0.5516,1355.01,589.76,1394.18,680.43,1374.6,680.43,True,central_corridor
8,0.16,1,0.739,1383.41,703.68,1418.64,806.7,1401.02,806.7,True,central_corridor
8,0.16,2,0.7203,1481.41,847.77,1533.87,984.98,1507.64,984.98,False,outside
8,0.16,3,0.5299,1167.92,714.29,1215.96,810.45,1191.94,810.45,True,central_corridor
8,0.16,4,0.7127,100.3,568.75,125.99,636.39,113.15,636.39,True,left_pocket
8,0.16,5,0.6812,1434.23,719.56,1472.04,821.82,1453.14,821.82,True,central_corridor
8,0.16,6,0.3761,1023.72,537.53,1049.51,596.6,1036.62,596.6,True,left_half_forward
8,0.16,7,0.5022,944.21,554.35,971.91,617.53,958.06,617.53,True,left_half_forward
8,0.16,8,0.3972,1204.73,706.19,1284.52,803.02,1244.62,803.02,True,central_corridor
8,0.16,9,0.3816,220.47,500.97,241.59,551.19,231.03,551.19,False,outside
8,0.16,10,0.556,1356.41,589.71,1394.89,680.38,1375.65,680.38,True,central_corridor
8,0.16,13,0.357,492.37,495.96,514.25,546.74,503.31,546.74,True,left_pocket
9,0.18,1,0.7642,1383.13,705.62,1418.51,808.25,1400.82,808.25,True,central_corridor
9,0.18,2,0.7318,1481.3,848.1,1535.07,984.98,1508.19,984.98,False,outside
9,0.18,3,0.366,1168.09,712.95,1212.11,809.4,1190.1,809.4,True,central_corridor
9,0.18,4,0.6794,100.18,570.2,125.49,635.45,112.83,635.45,True,left_pocket
9,0.18,5,0.6361,1431.81,720.34,1469.12,820.87,1450.46,820.87,True,central_corridor
9,0.18,6,0.4373,1023.84,535.84,1051.94,598.03,1037.89,598.03,True,left_half_forward
9,0.18,7,0.3984,944.17,555.37,974.18,618.06,959.18,618.06,True,left_half_forward
9,0.18,8,0.3804,1203.18,706.72,1274.31,791.87,1238.74,791.87,True,central_corridor
9,0.18,9,0.391,220.68,500.94,241.42,551.14,231.05,551.14,False,outside
9,0.18,10,0.5165,1362.13,589.25,1395.49,679.96,1378.81,679.96,True,central_corridor
9,0.18,13,0.3693,491.79,496.81,512.89,547.16,502.34,547.16,True,left_pocket
10,0.2,1,0.7669,1382.96,705.93,1418.49,808.95,1400.72,808.95,True,central_corridor
10,0.2,2,0.7312,1481.33,848.03,1535.91,985.04,1508.62,985.04,False,outside
10,0.2,3,0.3658,1168.31,712.36,1210.77,810.36,1189.54,810.36,True,central_corridor
10,0.2,4,0.6737,100.17,571.0,125.2,634.83,112.69,634.83,True,left_pocket
10,0.2,5,0.642,1430.96,720.6,1468.03,820.2,1449.49,820.2,True,central_corridor
10,0.2,6,0.4458,1023.86,535.47,1052.92,598.54,1038.39,598.54,True,left_half_forward
10,0.2,7,0.3903,944.24,555.71,974.89,618.2,959.56,618.2,True,left_half_forward
10,0.2,8,0.3838,1202.78,706.97,1269.85,787.66,1236.31,787.66,True,central_corridor
10,0.2,9,0.3937,220.72,500.91,241.54,550.87,231.13,550.87,False,outside
10,0.2,10,0.5115,1364.18,588.99,1395.43,679.64,1379.81,679.64,True,central_corridor
10,0.2,13,0.3752,491.56,496.96,512.54,547.34,502.05,547.34,True,left_pocket
11,0.22,1,0.7306,1382.73,706.15,1420.36,810.4,1401.54,810.4,True,central_corridor
11,0.22,2,0.7185,1481.26,848.34,1534.78,984.59,1508.02,984.59,False,outside
11,0.22,4,0.6435,100.31,572.08,126.43,637.16,113.37,637.16,True,left_pocket
11,0.22,5,0.5888,1428.24,720.15,1466.81,819.23,1447.52,819.23,True,central_corridor
11,0.22,6,0.4537,1026.32,534.52,1054.35,597.89,1040.34,597.89,True,left_half_forward
11,0.22,7,0.4527,947.0,556.56,976.18,616.76,961.59,616.76,True,left_half_forward
11,0.22,9,0.3795,220.75,500.95,241.9,551.1,231.33,551.1,False,outside
11,0.22,10,0.485,1364.69,589.33,1395.72,679.09,1380.21,679.09,True,central_corridor
11,0.22,13,0.3776,491.05,497.58,511.96,546.97,501.51,546.97,True,left_pocket
12,0.24,1,0.7283,1382.52,706.12,1421.33,810.96,1401.92,810.96,True,central_corridor
12,0.24,2,0.7149,1481.05,848.41,1534.44,984.48,1507.75,984.48,False,outside
12,0.24,4,0.6463,100.33,572.51,126.68,638.06,113.51,638.06,True,left_pocket
12,0.24,5,0.5875,1427.43,720.06,1466.61,819.05,1447.02,819.05,True,central_corridor
12,0.24,6,0.4547,1027.32,534.24,1054.85,597.57,1041.08,597.57,True,left_half_forward
12,0.24,7,0.4397,948.72,556.8,976.58,615.72,962.65,615.72,True,left_half_forward
12,0.24,9,0.3764,220.77,501.37,241.98,549.86,231.38,549.86,False,outside
12,0.24,10,0.4768,1365.1,589.31,1395.76,678.8,1380.43,678.8,True,central_corridor
12,0.24,13,0.3827,490.88,497.42,512.0,546.65,501.44,546.65,True,left_pocket
13,0.26,1,0.725,1382.0,706.31,1420.57,811.38,1401.29,811.38,True,central_corridor
13,0.26,2,0.7223,1480.99,848.29,1534.23,984.51,1507.61,984.51,False,outside
13,0.26,4,0.6643,99.84,572.38,127.33,638.75,113.59,638.75,True,left_pocket
13,0.26,5,0.6354,1425.28,720.17,1465.07,819.93,1445.17,819.93,True,central_corridor
13,0.26,6,0.5693,1031.91,532.74,1055.5,597.57,1043.71,597.57,True,left_half_forward
13,0.26,7,0.5734,950.87,556.13,980.3,616.38,965.58,616.38,True,left_half_forward
13,0.26,9,0.381,220.64,500.76,241.69,550.0,231.17,550.0,False,outside
13,0.26,13,0.4179,490.02,497.5,511.09,548.3,500.56,548.3,True,left_pocket
14,0.28,1,0.7197,1381.79,706.44,1420.5,811.57,1401.14,811.57,True,central_corridor
14,0.28,2,0.7215,1481.11,848.18,1534.46,984.46,1507.78,984.46,False,outside
14,0.28,4,0.6631,99.67,572.17,127.55,638.85,113.61,638.85,True,left_pocket
14,0.28,5,0.6375,1424.61,720.08,1464.58,820.36,1444.6,820.36,True,central_corridor
14,0.28,6,0.5622,1033.33,532.14,1055.53,597.92,1044.43,597.92,True,left_half_forward
14,0.28,7,0.5618,951.61,555.79,981.53,616.73,966.57,616.73,True,left_half_forward
14,0.28,9,0.3759,220.64,500.75,241.57,549.79,231.11,549.79,False,outside
14,0.28,13,0.4209,489.94,497.57,511.26,548.85,500.6,548.85,True,left_pocket
14,0.28,15,0.3644,1346.03,612.04,1374.91,682.15,1360.47,682.15,True,central_corridor
15,0.3,1,0.7107,1380.66,707.78,1421.89,813.13,1401.27,813.13,True,central_corridor
15,0.3,2,0.7167,1481.17,847.93,1534.76,984.53,1507.96,984.53,False,outside
15,0.3,4,0.6526,99.61,573.17,127.97,640.5,113.79,640.5,True,left_pocket
15,0.3,5,0.5759,1423.75,720.07,1463.12,822.23,1443.44,822.23,True,central_corridor
15,0.3,6,0.631,1034.44,530.91,1056.37,598.08,1045.4,598.08,True,left_half_forward
15,0.3,7,0.6225,952.66,556.01,982.31,618.44,967.49,618.44,True,left_half_forward
15,0.3,9,0.351,221.69,496.72,243.74,547.36,232.71,547.36,False,outside
15,0.3,13,0.4059,488.34,498.09,510.57,550.09,499.46,550.09,True,left_pocket
15,0.3,15,0.3852,1344.91,615.83,1375.77,685.01,1360.34,685.01,True,central_corridor
16,0.32,1,0.7219,1380.16,708.35,1422.83,813.65,1401.49,813.65,True,central_corridor
16,0.32,2,0.7179,1481.14,848.11,1535.18,984.7,1508.16,984.7,False,outside
16,0.32,4,0.6626,99.68,573.71,128.26,641.21,113.97,641.21,True,left_pocket
16,0.32,5,0.5867,1423.59,719.84,1462.65,823.25,1443.12,823.25,True,central_corridor
16,0.32,6,0.6481,1034.71,530.44,1056.67,598.13,1045.69,598.13,True,left_half_forward
16,0.32,7,0.6363,952.95,555.96,982.47,619.35,967.71,619.35,True,left_half_forward
16,0.32,9,0.3518,222.13,495.26,244.45,546.17,233.29,546.17,False,outside
16,0.32,13,0.4142,487.74,497.51,510.2,550.39,498.97,550.39,True,left_pocket
16,0.32,15,0.3946,1344.54,616.92,1376.09,685.98,1360.31,685.98,True,central_corridor
16,0.32,16,0.355,819.64,468.92,841.3,514.67,830.47,514.67,False,outside
17,0.34,1,0.692,1379.12,708.28,1420.13,812.42,1399.63,812.42,True,central_corridor
17,0.34,2,0.7241,1481.1,848.14,1534.98,984.72,1508.04,984.72,False,outside
17,0.34,4,0.6599,99.18,574.31,128.37,640.8,113.78,640.8,True,left_pocket
17,0.34,5,0.5481,1422.73,720.64,1459.97,822.78,1441.35,822.78,True,central_corridor
17,0.34,6,0.6254,1036.65,529.89,1058.94,601.59,1047.8,601.59,True,left_half_forward
17,0.34,7,0.6295,953.26,555.82,983.2,618.81,968.23,618.81,True,left_half_forward
17,0.34,9,0.3703,221.76,493.47,244.65,546.18,233.21,546.18,False,outside
17,0.34,13,0.4394,487.02,496.53,509.18,549.78,498.1,549.78,True,left_pocket
17,0.34,15,0.4237,1345.01,615.37,1375.71,685.82,1360.36,685.82,True,central_corridor
17,0.34,16,0.4121,820.5,469.62,841.56,514.26,831.03,514.26,False,outside
18,0.36,1,0.695,1379.0,708.86,1418.99,812.16,1398.99,812.16,True,central_corridor
18,0.36,2,0.7175,1480.87,847.67,1535.81,984.89,1508.34,984.89,False,outside
18,0.36,4,0.6651,99.35,574.66,128.37,640.89,113.86,640.89,True,left_pocket
18,0.36,5,0.5665,1422.83,720.91,1459.01,822.56,1440.92,822.56,True,central_corridor
18,0.36,6,0.6052,1037.34,529.83,1060.09,602.64,1048.71,602.64,True,left_half_forward
18,0.36,7,0.6293,953.69,555.71,983.38,617.59,968.53,617.59,True,left_half_forward
18,0.36,9,0.4056,221.68,493.31,244.69,545.45,233.18,545.45,False,outside
18,0.36,13,0.4378,486.79,496.15,508.8,549.43,497.79,549.43,True,left_pocket
18,0.36,15,0.4258,1345.39,615.22,1375.36,685.97,1360.38,685.97,True,central_corridor
18,0.36,16,0.4113,820.68,470.72,841.46,514.47,831.07,514.47,False,outside
19,0.38,1,0.6612,1378.6,708.54,1416.45,812.76,1397.53,812.76,True,central_corridor
19,0.38,2,0.7067,1480.81,847.45,1535.6,984.98,1508.21,984.98,False,outside
19,0.38,4,0.6436,99.0,574.64,128.29,641.29,113.65,641.29,True,left_pocket
19,0.38,5,0.6114,1418.0,721.63,1458.12,825.23,1438.06,825.23,True,central_corridor
19,0.38,6,0.5597,1040.14,528.9,1062.57,602.09,1051.35,602.09,True,left_half_forward
19,0.38,7,0.6349,955.8,554.68,984.08,617.96,969.94,617.96,True,left_half_forward
19,0.38,9,0.4033,221.66,493.1,244.8,545.26,233.23,545.26,False,outside
19,0.38,13,0.3548,486.32,495.6,508.61,549.66,497.47,549.66,True,left_pocket
19,0.38,15,0.4028,1345.32,614.26,1375.44,687.01,1360.38,687.01,True,central_corridor
20,0.4,1,0.6418,1378.4,708.27,1415.24,812.78,1396.82,812.78,True,central_corridor
20,0.4,2,0.7055,1480.94,847.52,1535.43,984.98,1508.18,984.98,False,outside
20,0.4,4,0.6342,98.95,574.74,128.3,641.45,113.62,641.45,True,left_pocket
20,0.4,5,0.6151,1416.01,722.51,1457.38,826.04,1436.69,826.04,True,central_corridor
20,0.4,6,0.5544,1041.11,528.2,1063.32,601.65,1052.22,601.65,True,left_half_forward
20,0.4,7,0.6241,956.54,554.32,984.35,618.01,970.45,618.01,True,left_half_forward
20,0.4,9,0.4049,221.46,493.11,244.9,545.13,233.18,545.13,False,outside
20,0.4,15,0.4027,1345.37,614.09,1375.4,687.34,1360.39,687.34,True,central_corridor
21,0.42,1,0.6399,1377.17,707.68,1416.15,813.62,1396.66,813.62,True,central_corridor
21,0.42,2,0.7002,1480.96,847.71,1534.87,984.91,1507.91,984.91,False,outside
21,0.42,4,0.6305,98.98,574.84,128.08,642.82,113.53,642.82,True,left_pocket
21,0.42,5,0.6177,1415.05,724.88,1454.26,827.16,1434.65,827.16,True,central_corridor
21,0.42,6,0.4123,1041.62,528.06,1065.08,601.8,1053.35,601.8,True,left_half_forward
21,0.42,7,0.7357,959.53,554.07,985.75,620.17,972.64,620.17,True,left_half_forward
21,0.42,9,0.4229,221.63,492.95,245.11,545.62,233.37,545.62,False,outside
21,0.42,15,0.3796,1345.24,613.56,1375.17,687.75,1360.2,687.75,True,central_corridor
21,0.42,11,0.3952,138.68,522.43,160.69,571.12,149.69,571.12,True,outside
21,0.42,13,0.3627,485.55,496.66,506.28,550.39,495.91,550.39,True,left_pocket
22,0.44,1,0.633,1376.76,707.51,1416.61,814.2,1396.68,814.2,True,central_corridor
22,0.44,2,0.699,1481.02,847.8,1534.52,984.85,1507.77,984.85,False,outside
22,0.44,4,0.6333,98.82,574.79,128.19,643.65,113.51,643.65,True,left_pocket
22,0.44,5,0.623,1414.84,725.59,1453.19,827.96,1434.01,827.96,True,central_corridor
22,0.44,6,0.4289,1042.09,528.19,1065.35,600.23,1053.72,600.23,True,left_half_forward
22,0.44,7,0.7344,960.64,553.88,986.16,621.08,973.4,621.08,True,left_half_forward
22,0.44,9,0.4175,221.5,493.01,244.93,545.44,233.22,545.44,False,outside
22,0.44,15,0.3768,1345.16,613.44,1375.07,687.96,1360.12,687.96,True,central_corridor
22,0.44,11,0.3991,138.81,522.34,160.83,571.38,149.82,571.38,True,left_pocket
22,0.44,13,0.3528,485.41,497.28,505.59,550.45,495.5,550.45,True,left_pocket
23,0.46,1,0.5723,1374.49,706.81,1414.86,813.4,1394.68,813.4,True,central_corridor
23,0.46,2,0.6984,1481.23,848.32,1534.37,984.81,1507.8,984.81,False,outside
23,0.46,4,0.6358,98.05,575.19,128.25,643.36,113.15,643.36,True,left_pocket
23,0.46,5,0.6268,1413.56,727.15,1451.36,828.45,1432.46,828.45,True,central_corridor
23,0.46,7,0.7249,962.73,553.84,989.47,620.17,976.1,620.17,True,left_half_forward
23,0.46,9,0.4333,221.78,492.38,245.09,544.85,233.43,544.85,False,outside
23,0.46,15,0.3872,1345.21,612.85,1375.29,688.62,1360.25,688.62,True,central_corridor
23,0.46,11,0.4646,140.04,522.99,160.51,573.48,150.27,573.48,True,left_pocket
23,0.46,3,0.4166,1141.29,692.01,1207.15,816.7,1174.22,816.7,True,central_corridor
24,0.48,1,0.5686,1373.48,706.35,1414.36,813.02,1393.92,813.02,True,central_corridor
24,0.48,2,0.6978,1481.22,848.53,1534.07,984.82,1507.65,984.82,False,outside
24,0.48,4,0.6356,97.7,575.3,128.24,642.84,112.97,642.84,True,left_pocket
24,0.48,5,0.6237,1413.21,727.99,1450.89,828.53,1432.05,828.53,True,central_corridor
24,0.48,7,0.7262,963.49,553.91,990.71,619.98,977.1,619.98,True,left_half_forward
24,0.48,9,0.4351,221.92,492.06,245.32,545.15,233.62,545.15,False,outside
24,0.48,15,0.3841,1345.21,612.75,1375.45,688.56,1360.33,688.56,True,central_corridor
24,0.48,11,0.4552,140.24,522.95,160.41,574.28,150.33,574.28,True,left_pocket
24,0.48,3,0.4286,1140.12,691.44,1207.44,817.9,1173.78,817.9,True,central_corridor
25,0.5,1,0.5638,1373.1,706.18,1413.61,812.54,1393.35,812.54,True,central_corridor
25,0.5,2,0.6969,1481.18,848.57,1533.87,984.81,1507.52,984.81,False,outside
25,0.5,4,0.6421,97.49,575.18,128.38,643.01,112.94,643.01,True,left_pocket
25,0.5,5,0.6335,1413.0,728.22,1451.01,828.65,1432.0,828.65,True,central_corridor
25,0.5,7,0.7292,963.74,554.0,991.06,620.1,977.4,620.1,True,left_half_forward
25,0.5,9,0.4358,221.92,492.01,245.42,546.14,233.67,546.14,False,outside
25,0.5,15,0.3823,1345.26,612.74,1375.5,688.5,1360.38,688.5,True,central_corridor
25,0.5,11,0.457,140.23,522.96,160.37,574.69,150.3,574.69,True,left_pocket
25,0.5,3,0.4308,1139.67,691.3,1208.64,818.94,1174.15,818.94,True,central_corridor
26,0.52,1,0.4943,1372.08,705.76,1409.78,811.92,1390.93,811.92,True,central_corridor
26,0.52,2,0.7047,1481.39,848.5,1533.74,984.73,1507.57,984.73,False,outside
26,0.52,4,0.6009,98.0,575.68,128.92,642.01,113.46,642.01,True,left_pocket
26,0.52,5,0.5578,1411.98,728.21,1448.88,829.16,1430.43,829.16,True,central_corridor
26,0.52,7,0.6772,964.07,554.2,991.6,621.94,977.84,621.94,True,left_half_forward
26,0.52,9,0.4798,221.0,489.38,246.05,547.76,233.53,547.76,False,outside
26,0.52,11,0.4326,140.3,523.57,160.62,574.06,150.46,574.06,True,left_pocket
27,0.54,1,0.5815,1370.93,707.82,1410.01,814.18,1390.47,814.18,True,central_corridor
27,0.54,2,0.7173,1481.33,848.61,1537.62,984.58,1509.47,984.58,False,outside
27,0.54,4,0.5957,99.05,576.47,128.17,643.72,113.61,643.72,True,left_pocket
27,0.54,5,0.535,1408.62,730.32,1444.6,830.38,1426.61,830.38,True,central_corridor
27,0.54,7,0.6144,965.99,554.95,992.92,621.11,979.45,621.11,True,left_half_forward
27,0.54,9,0.4588,220.47,490.24,245.56,550.24,233.01,550.24,False,outside
27,0.54,11,0.4856,141.06,525.81,161.3,574.65,151.18,574.65,True,left_pocket
27,0.54,6,0.3689,1047.88,533.03,1072.93,596.76,1060.4,596.76,True,left_half_forward
27,0.54,15,0.3702,1349.33,613.23,1377.79,688.52,1363.56,688.52,True,central_corridor
28,0.56,1,0.5923,1370.22,708.46,1409.89,814.96,1390.05,814.96,True,central_corridor
28,0.56,2,0.7149,1481.12,848.48,1539.92,984.61,1510.52,984.61,False,outside
28,0.56,4,0.6108,99.36,576.38,127.69,644.15,113.53,644.15,True,left_pocket
28,0.56,5,0.5294,1407.51,730.81,1442.99,831.19,1425.25,831.19,True,central_corridor
28,0.56,7,0.5955,966.62,555.15,993.51,620.53,980.06,620.53,True,left_half_forward
28,0.56,9,0.4672,220.25,490.49,245.26,551.64,232.75,551.64,False,outside
28,0.56,11,0.4907,141.38,526.51,161.75,574.68,151.57,574.68,True,left_pocket
28,0.56,17,0.3625,1194.33,474.68,1222.1,525.18,1208.22,525.18,True,central_corridor
28,0.56,6,0.3744,1048.19,533.78,1073.63,596.79,1060.91,596.79,True,left_half_forward
28,0.56,15,0.3691,1350.29,613.22,1378.29,688.5,1364.29,688.5,True,central_corridor
29,0.58,1,0.6398,1369.36,710.29,1407.72,819.08,1388.54,819.08,True,central_corridor
29,0.58,2,0.7214,1480.95,848.59,1537.54,984.6,1509.24,984.6,False,outside
29,0.58,4,0.6162,99.24,575.57,125.86,644.33,112.55,644.33,True,left_pocket
29,0.58,5,0.6186,1404.77,729.03,1439.32,832.07,1422.04,832.07,True,central_corridor
29,0.58,7,0.5249,967.59,556.39,995.12,620.6,981.35,620.6,True,left_half_forward
29,0.58,9,0.4705,219.71,489.15,245.4,552.4,232.56,552.4,False,outside
29,0.58,11,0.5514,142.1,527.32,163.6,576.58,152.85,576.58,True,left_pocket
29,0.58,17,0.3792,1194.67,474.2,1222.43,526.4,1208.55,526.4,True,central_corridor
29,0.58,6,0.3768,1050.43,535.99,1074.82,597.85,1062.63,597.85,True,left_half_forward
29,0.58,15,0.4417,1350.83,613.89,1378.69,688.77,1364.76,688.77,True,central_corridor
30,0.6,1,0.6373,1368.97,710.91,1406.52,819.96,1387.75,819.96,True,central_corridor
30,0.6,2,0.7217,1481.26,848.65,1536.16,984.45,1508.71,984.45,False,outside
30,0.6,4,0.6272,99.03,575.28,125.26,644.7,112.15,644.7,True,left_pocket
30,0.6,5,0.617,1403.91,728.42,1437.8,832.43,1420.86,832.43,True,central_corridor
30,0.6,7,0.5263,967.86,556.83,995.82,620.49,981.84,620.49,True,left_half_forward
30,0.6,9,0.474,219.63,488.27,245.57,552.21,232.6,552.21,False,outside
30,0.6,11,0.5593,142.39,527.7,164.35,577.26,153.37,577.26,True,left_pocket
30,0.6,17,0.3805,1194.76,473.89,1222.55,526.52,1208.66,526.52,True,central_corridor
30,0.6,6,0.3685,1052.12,536.86,1074.07,596.59,1063.09,596.59,True,left_half_forward
30,0.6,15,0.4467,1351.12,614.06,1378.91,688.82,1365.02,688.82,True,central_corridor
30,0.6,18,0.3817,1384.18,598.84,1415.8,681.8,1399.99,681.8,True,central_corridor
31,0.62,1,0.5443,1368.08,713.6,1403.74,819.53,1385.91,819.53,True,central_corridor
31,0.62,2,0.7094,1481.22,848.7,1536.86,984.59,1509.04,984.59,False,outside
31,0.62,4,0.5924,98.93,574.52,124.76,645.23,111.85,645.23,True,left_pocket
31,0.62,5,0.4592,1400.23,726.39,1435.21,833.0,1417.72,833.0,True,central_corridor
31,0.62,7,0.4728,968.9,558.27,996.45,621.96,982.67,621.96,True,left_half_forward
31,0.62,9,0.4958,219.99,487.62,245.23,550.03,232.61,550.03,False,outside
31,0.62,11,0.5651,142.02,528.2,165.48,577.55,153.75,577.55,True,left_pocket
31,0.62,17,0.4091,1195.49,475.09,1222.87,528.0,1209.18,528.0,True,central_corridor
31,0.62,15,0.395,1351.06,613.13,1378.36,689.4,1364.71,689.4,True,central_corridor
32,0.64,1,0.5264,1367.83,714.92,1402.58,819.68,1385.21,819.68,True,central_corridor
32,0.64,2,0.7108,1481.22,848.71,1536.79,984.68,1509.0,984.68,False,outside
32,0.64,4,0.6,98.93,574.16,124.78,645.61,111.86,645.61,True,left_pocket
32,0.64,5,0.4479,1398.82,725.57,1434.36,833.22,1416.59,833.22,True,central_corridor
32,0.64,7,0.4663,969.6,558.87,996.81,622.78,983.2,622.78,True,left_half_forward
32,0.64,9,0.496,219.85,487.5,245.03,549.11,232.44,549.11,False,outside
32,0.64,11,0.5604,141.8,528.31,165.88,577.54,153.84,577.54,True,left_pocket
32,0.64,17,0.4058,1195.77,475.47,1222.91,528.65,1209.34,528.65,True,central_corridor
32,0.64,15,0.3779,1350.92,612.77,1378.08,689.5,1364.5,689.5,True,central_corridor
32,0.64,20,0.3942,1117.46,689.0,1151.2,800.61,1134.33,800.61,True,left_half_forward
33,0.66,1,0.5742,1364.79,713.46,1400.29,820.98,1382.54,820.98,True,central_corridor
33,0.66,2,0.7232,1481.25,848.63,1541.24,984.64,1511.25,984.64,False,outside
33,0.66,4,0.6166,98.22,575.39,123.53,645.71,110.88,645.71,True,left_pocket
33,0.66,5,0.3819,1397.64,730.41,1435.48,834.06,1416.56,834.06,True,central_corridor
33,0.66,7,0.5444,969.73,559.52,998.99,625.87,984.36,625.87,True,left_half_forward
33,0.66,9,0.472,219.97,487.38,245.09,547.47,232.53,547.47,False,outside
33,0.66,11,0.5982,142.09,528.53,167.51,579.56,154.8,579.56,True,left_pocket
33,0.66,17,0.4394,1196.19,475.44,1223.43,527.15,1209.81,527.15,True,central_corridor
33,0.66,15,0.3965,1350.47,611.97,1379.06,690.51,1364.76,690.51,True,central_corridor
33,0.66,20,0.4167,1112.85,688.74,1155.63,824.16,1134.24,824.16,True,left_half_forward
33,0.66,6,0.4134,1054.27,536.91,1076.69,594.44,1065.48,594.44,True,left_half_forward
34,0.68,1,0.5698,1363.51,712.66,1399.54,821.88,1381.52,821.88,True,central_corridor
34,0.68,2,0.7264,1481.16,848.57,1543.24,984.62,1512.2,984.62,False,outside
34,0.68,4,0.6118,97.79,575.9,123.08,645.55,110.44,645.55,True,left_pocket
34,0.68,5,0.3882,1394.69,727.18,1438.25,832.59,1416.47,832.59,True,central_corridor
34,0.68,7,0.5434,969.71,559.87,999.85,626.85,984.78,626.85,True,left_half_forward
34,0.68,9,0.4859,219.96,487.23,245.18,546.54,232.57,546.54,False,outside
34,0.68,11,0.6053,142.1,528.68,168.21,580.31,155.16,580.31,True,left_pocket
34,0.68,17,0.4447,1196.14,475.47,1223.71,526.34,1209.93,526.34,True,central_corridor
34,0.68,15,0.4055,1350.12,611.59,1379.4,691.26,1364.76,691.26,True,central_corridor
34,0.68,20,0.4189,1111.25,688.68,1156.78,832.36,1134.02,832.36,True,left_half_forward
34,0.68,21,0.3823,603.38,457.14,622.52,509.17,612.95,509.17,False,outside
34,0.68,6,0.412,1054.37,536.76,1077.16,593.59,1065.77,593.59,True,left_half_forward
35,0.7,1,0.5641,1360.56,713.53,1399.55,821.6,1380.06,821.6,True,central_corridor
35,0.7,2,0.7396,1481.37,848.75,1542.74,984.56,1512.05,984.56,False,outside
35,0.7,4,0.6316,96.68,576.41,123.66,645.41,110.17,645.41,True,left_pocket
35,0.7,7,0.5155,971.14,560.68,999.63,627.09,985.38,627.09,True,left_half_forward
35,0.7,9,0.4704,219.85,487.48,244.99,545.76,232.42,545.76,False,outside
35,0.7,11,0.4934,143.63,528.65,168.44,576.8,156.04,576.8,True,left_pocket
35,0.7,17,0.4507,1197.3,475.14,1224.71,524.19,1211.0,524.19,True,central_corridor
35,0.7,15,0.468,1348.47,611.29,1380.77,692.03,1364.62,692.03,True,central_corridor
35,0.7,21,0.3955,603.84,458.3,622.66,509.66,613.25,509.66,False,outside
35,0.7,6,0.4214,1056.15,537.23,1078.61,597.99,1067.38,597.99,True,left_half_forward
35,0.7,18,0.4115,1392.63,592.15,1420.39,683.34,1406.51,683.34,True,central_corridor
36,0.72,1,0.5533,1359.69,713.96,1399.42,821.52,1379.56,821.52,True,central_corridor
36,0.72,2,0.741,1481.48,848.66,1542.16,984.44,1511.82,984.44,False,outside
36,0.72,4,0.6257,96.09,576.52,124.21,645.61,110.15,645.61,True,left_pocket
36,0.72,7,0.5064,971.66,561.13,999.44,627.07,985.55,627.07,True,left_half_forward
36,0.72,9,0.4701,219.82,487.57,244.85,545.24,232.33,545.24,False,outside
36,0.72,11,0.4872,144.19,528.48,168.6,575.22,156.39,575.22,True,left_pocket
36,0.72,17,0.4415,1197.96,474.93,1225.07,523.32,1211.51,523.32,True,central_corridor
36,0.72,15,0.4509,1347.75,610.95,1381.31,692.29,1364.53,692.29,True,central_corridor
36,0.72,21,0.4085,603.8,458.74,622.68,509.75,613.24,509.75,False,outside
36,0.72,6,0.4229,1056.71,537.47,1079.16,599.33,1067.93,599.33,True,left_half_forward
36,0.72,18,0.3929,1393.15,591.15,1420.86,683.3,1407.0,683.3,True,central_corridor
37,0.74,1,0.6229,1358.45,714.81,1403.15,822.83,1380.8,822.83,True,central_corridor
37,0.74,2,0.7493,1481.52,848.49,1541.99,984.67,1511.75,984.67,False,outside
37,0.74,4,0.6467,96.42,577.94,124.01,645.21,110.21,645.21,True,left_pocket
37,0.74,7,0.5437,971.8,561.65,1000.04,627.38,985.92,627.38,True,left_half_forward
37,0.74,9,0.4925,219.91,487.55,244.52,545.56,232.22,545.56,False,outside
37,0.74,11,0.6149,144.05,527.85,168.76,582.33,156.41,582.33,True,left_pocket
37,0.74,17,0.5134,1200.11,475.58,1225.66,525.92,1212.88,525.92,True,central_corridor
37,0.74,15,0.5103,1347.93,611.31,1381.36,692.12,1364.65,692.12,True,central_corridor
37,0.74,21,0.4151,604.55,457.79,623.29,509.09,613.92,509.09,False,outside
37,0.74,6,0.4526,1057.42,536.48,1082.67,603.52,1070.05,603.52,True,left_half_forward
37,0.74,18,0.4085,1394.12,592.48,1422.71,684.35,1408.42,684.35,True,central_corridor
38,0.76,1,0.6165,1357.95,715.05,1404.53,823.13,1381.24,823.13,True,central_corridor
38,0.76,2,0.7484,1481.49,848.33,1541.98,984.72,1511.74,984.72,False,outside
38,0.76,4,0.648,95.98,578.75,123.9,645.63,109.94,645.63,True,left_pocket
38,0.76,7,0.5427,971.83,561.8,1000.45,627.47,986.14,627.47,True,left_half_forward
38,0.76,9,0.505,220.01,487.47,244.55,545.9,232.28,545.9,False,outside
38,0.76,11,0.6272,144.1,527.72,168.77,585.01,156.44,585.01,True,left_pocket
38,0.76,17,0.5166,1200.88,475.96,1226.05,527.34,1213.47,527.34,True,central_corridor
38,0.76,15,0.5125,1347.92,611.45,1381.47,692.29,1364.7,692.29,True,central_corridor
38,0.76,21,0.4162,604.63,457.51,623.5,509.14,614.07,509.14,False,outside
38,0.76,6,0.4613,1057.76,536.05,1084.03,604.93,1070.9,604.93,True,left_half_forward
38,0.76,18,0.4207,1394.54,593.0,1423.36,684.82,1408.95,684.82,True,central_corridor
38,0.76,23,0.5726,1099.05,683.9,1134.38,779.69,1116.71,779.69,True,left_half_forward
39,0.78,1,0.6229,1357.72,715.17,1404.99,823.4,1381.36,823.4,True,central_corridor
39,0.78,2,0.7484,1481.5,848.23,1542.12,984.7,1511.81,984.7,False,outside
39,0.78,4,0.6494,95.65,578.89,124.13,646.01,109.89,646.01,True,left_pocket
39,0.78,7,0.5471,971.63,562.22,1000.52,627.58,986.07,627.58,True,left_half_forward
39,0.78,9,0.495,220.07,487.52,244.57,545.63,232.32,545.63,False,outside
39,0.78,11,0.6312,144.1,527.64,168.88,585.74,156.49,585.74,True,left_pocket
39,0.78,17,0.5133,1201.07,476.15,1226.21,527.94,1213.64,527.94,True,central_corridor
39,0.78,15,0.5064,1347.85,611.43,1381.48,692.3,1364.67,692.3,True,central_corridor
39,0.78,21,0.4171,604.68,457.79,623.57,509.38,614.13,509.38,False,outside
39,0.78,6,0.463,1057.77,535.86,1084.4,605.56,1071.09,605.56,True,left_half_forward
39,0.78,18,0.4161,1394.58,593.34,1423.59,685.13,1409.09,685.13,True,central_corridor
39,0.78,23,0.573,1099.08,683.98,1134.49,779.81,1116.79,779.81,True,left_half_forward
40,0.8,1,0.5531,1355.71,716.22,1405.6,826.75,1380.65,826.75,True,central_corridor
40,0.8,2,0.7391,1481.45,847.72,1540.92,984.89,1511.19,984.89,False,outside
40,0.8,4,0.6412,91.55,579.81,124.54,647.67,108.05,647.67,True,left_pocket
40,0.8,7,0.5346,971.98,562.46,1000.72,627.44,986.35,627.44,True,left_half_forward
40,0.8,9,0.5295,219.58,487.56,244.88,548.74,232.23,548.74,False,outside
40,0.8,11,0.5803,146.4,528.21,168.35,582.4,157.38,582.4,True,left_pocket
40,0.8,17,0.57,1201.45,477.04,1226.06,529.45,1213.75,529.45,True,central_corridor
40,0.8,15,0.5764,1350.99,611.07,1381.38,692.14,1366.18,692.14,True,central_corridor
40,0.8,21,0.3722,605.24,456.6,623.88,508.92,614.56,508.92,False,outside
40,0.8,6,0.4713,1060.13,535.46,1083.7,605.28,1071.92,605.28,True,left_half_forward
40,0.8,18,0.4761,1396.89,594.72,1425.54,687.05,1411.21,687.05,True,central_corridor
40,0.8,23,0.6378,1092.71,683.53,1131.17,779.67,1111.94,779.67,True,left_half_forward
40,0.8,5,0.3983,1357.43,721.05,1428.38,834.32,1392.91,834.32,True,central_corridor
41,0.82,1,0.6252,1354.72,719.74,1402.97,831.58,1378.84,831.58,True,central_corridor
41,0.82,2,0.7349,1481.51,847.39,1538.92,985.28,1510.21,985.28,False,outside
41,0.82,4,0.6415,89.57,581.74,124.47,648.49,107.02,648.49,True,left_pocket
41,0.82,7,0.5123,972.44,562.26,1000.25,627.6,986.34,627.6,True,left_half_forward
41,0.82,9,0.491,221.57,485.23,245.3,545.94,233.44,545.94,False,outside
41,0.82,11,0.6577,146.81,526.81,169.67,585.05,158.24,585.05,True,left_pocket
41,0.82,17,0.5137,1202.03,477.06,1227.41,531.35,1214.72,531.35,True,central_corridor
41,0.82,15,0.5645,1350.91,610.85,1382.25,692.0,1366.58,692.0,True,central_corridor
41,0.82,6,0.4724,1062.09,537.46,1086.77,603.65,1074.43,603.65,True,left_half_forward
41,0.82,18,0.5109,1400.45,598.4,1428.36,687.23,1414.4,687.23,True,central_corridor
41,0.82,23,0.5832,1086.34,681.87,1125.37,783.6,1105.85,783.6,True,left_half_forward
42,0.84,1,0.6259,1354.35,721.05,1401.89,833.22,1378.12,833.22,True,central_corridor
42,0.84,2,0.7341,1481.86,846.99,1538.36,985.25,1510.11,985.25,False,outside
42,0.84,4,0.657,88.56,582.21,124.79,649.09,106.68,649.09,True,left_pocket
42,0.84,7,0.5161,972.74,562.07,1000.26,627.5,986.5,627.5,True,left_half_forward
42,0.84,9,0.524,221.95,484.45,245.44,546.21,233.69,546.21,False,outside
42,0.84,11,0.6593,146.63,526.32,170.64,586.17,158.64,586.17,True,left_pocket
42,0.84,17,0.5187,1202.25,476.62,1228.06,532.1,1215.15,532.1,True,central_corridor
42,0.84,15,0.5778,1350.96,610.87,1382.61,691.99,1366.78,691.99,True,central_corridor
42,0.84,6,0.4842,1062.63,537.82,1087.94,602.92,1075.29,602.92,True,left_half_forward
42,0.84,18,0.5235,1401.64,599.83,1429.55,687.36,1415.6,687.36,True,central_corridor
42,0.84,23,0.586,1084.25,681.22,1123.53,785.05,1103.89,785.05,True,left_half_forward
43,0.86,1,0.5612,1351.53,720.34,1401.39,834.67,1376.46,834.67,True,central_corridor
43,0.86,2,0.7371,1481.98,846.54,1536.28,985.28,1509.13,985.28,False,outside
43,0.86,4,0.6048,87.59,585.55,124.61,649.2,106.1,649.2,True,left_pocket
43,0.86,7,0.5022,972.17,561.29,1000.5,626.07,986.33,626.07,True,left_half_forward
43,0.86,9,0.5173,222.45,484.36,245.8,547.73,234.12,547.73,False,outside
43,0.86,11,0.6721,147.92,526.7,170.34,586.5,159.13,586.5,True,left_pocket
43,0.86,17,0.5185,1202.49,476.29,1228.67,532.92,1215.58,532.92,True,central_corridor
43,0.86,15,0.554,1351.27,611.31,1384.17,695.18,1367.72,695.18,True,central_corridor
43,0.86,6,0.5035,1063.15,537.03,1088.72,602.05,1075.93,602.05,True,left_half_forward
43,0.86,18,0.5547,1403.08,602.78,1431.83,688.44,1417.45,688.44,True,central_corridor
43,0.86,23,0.684,1081.72,680.99,1118.01,786.09,1099.87,786.09,True,left_half_forward
44,0.88,1,0.5515,1349.7,718.97,1402.96,836.14,1376.33,836.14,True,central_corridor
44,0.88,2,0.7376,1482.21,846.32,1535.56,985.39,1508.89,985.39,False,outside
44,0.88,4,0.6052,87.36,586.95,124.64,649.04,106.0,649.04,True,left_pocket
44,0.88,7,0.503,971.65,560.89,1000.83,625.84,986.24,625.84,True,left_half_forward
44,0.88,9,0.529,222.22,484.14,246.05,548.92,234.14,548.92,False,outside
44,0.88,11,0.6751,148.3,526.74,170.33,586.72,159.32,586.72,True,left_pocket
44,0.88,17,0.4972,1202.55,475.77,1229.14,533.23,1215.84,533.23,True,central_corridor
44,0.88,15,0.5523,1351.61,611.51,1384.9,697.09,1368.25,697.09,True,central_corridor
44,0.88,6,0.5018,1063.12,536.61,1089.09,602.06,1076.1,602.06,True,left_half_forward
44,0.88,18,0.56,1403.55,603.82,1432.94,688.92,1418.25,688.92,True,central_corridor
44,0.88,23,0.6809,1081.1,680.87,1116.26,786.67,1098.68,786.67,True,left_half_forward
45,0.9,1,0.5814,1346.29,719.31,1401.39,836.06,1373.84,836.06,True,central_corridor
45,0.9,2,0.7335,1482.12,846.71,1533.92,985.31,1508.02,985.31,False,outside
45,0.9,4,0.6227,87.26,589.1,124.86,649.35,106.06,649.35,True,left_pocket
45,0.9,7,0.4732,972.85,559.73,1001.03,625.21,986.94,625.21,True,left_half_forward
45,0.9,9,0.5843,221.99,483.87,245.82,549.48,233.91,549.48,False,outside
45,0.9,11,0.6834,148.95,526.92,172.39,586.98,160.67,586.98,True,left_pocket
45,0.9,17,0.4876,1202.28,475.49,1229.45,534.0,1215.87,534.0,True,central_corridor
45,0.9,15,0.6226,1352.86,611.51,1385.68,697.55,1369.27,697.55,True,central_corridor
45,0.9,6,0.4563,1063.91,535.98,1089.36,603.18,1076.63,603.18,True,left_half_forward
45,0.9,18,0.5043,1403.97,605.85,1435.55,689.5,1419.76,689.5,True,central_corridor
45,0.9,23,0.7304,1074.19,679.94,1113.04,786.19,1093.61,786.19,True,left_half_forward
46,0.92,1,0.5657,1345.01,719.24,1400.85,835.96,1372.93,835.96,True,central_corridor
46,0.92,2,0.7341,1482.43,846.65,1533.46,985.53,1507.95,985.53,False,outside
46,0.92,4,0.6196,87.17,589.91,124.78,649.63,105.98,649.63,True,left_pocket
46,0.92,7,0.4672,973.3,559.2,1001.19,625.21,987.25,625.21,True,left_half_forward
46,0.92,9,0.5788,222.32,483.4,245.53,548.96,233.93,548.96,False,outside
46,0.92,11,0.6767,148.98,526.99,173.05,587.06,161.01,587.06,True,left_pocket
46,0.92,17,0.4726,1202.18,475.51,1229.71,534.46,1215.95,534.46,True,central_corridor
46,0.92,15,0.6169,1353.27,611.59,1386.0,697.5,1369.63,697.5,True,central_corridor
46,0.92,6,0.4459,1064.18,535.83,1089.52,603.46,1076.85,603.46,True,left_half_forward
46,0.92,18,0.5082,1404.07,606.38,1436.21,689.42,1420.14,689.42,True,central_corridor
46,0.92,23,0.7356,1071.81,679.74,1111.9,786.29,1091.85,786.29,True,left_half_forward
47,0.94,1,0.5656,1344.46,719.11,1400.76,835.88,1372.61,835.88,True,central_corridor
47,0.94,2,0.7352,1482.59,846.5,1533.09,985.55,1507.84,985.55,False,outside
47,0.94,4,0.6139,87.14,590.21,124.84,649.73,105.99,649.73,True,left_pocket
47,0.94,7,0.4577,973.47,558.95,1001.24,625.18,987.36,625.18,True,left_half_forward
47,0.94,9,0.575,222.38,483.37,245.6,548.85,233.99,548.85,False,outside
47,0.94,11,0.6778,148.88,527.1,173.29,587.03,161.09,587.03,True,left_pocket
47,0.94,17,0.4904,1202.1,475.37,1229.69,534.71,1215.89,534.71,True,central_corridor
47,0.94,15,0.6067,1353.35,611.47,1386.03,697.48,1369.69,697.48,True,central_corridor
47,0.94,6,0.4508,1064.1,535.77,1089.63,603.54,1076.86,603.54,True,left_half_forward
47,0.94,18,0.5055,1404.18,606.67,1436.66,689.42,1420.42,689.42,True,central_corridor
47,0.94,23,0.7322,1071.08,679.41,1111.64,786.63,1091.36,786.63,True,left_half_forward
48,0.96,2,0.734,1482.59,845.89,1532.52,985.49,1507.56,985.49,False,outside
48,0.96,4,0.6115,87.73,590.53,124.18,650.55,105.95,650.55,True,left_pocket
48,0.96,7,0.5,973.98,558.58,1002.09,625.45,988.03,625.45,True,left_half_forward
48,0.96,9,0.5407,222.89,484.28,246.43,548.61,234.66,548.61,False,outside
48,0.96,11,0.6146,149.13,527.16,175.35,587.08,162.24,587.08,True,left_pocket
48,0.96,17,0.4772,1202.01,476.18,1229.63,535.28,1215.82,535.28,True,central_corridor
48,0.96,15,0.6401,1354.11,610.86,1386.0,698.52,1370.05,698.52,True,central_corridor
48,0.96,6,0.4377,1065.21,536.29,1090.01,603.39,1077.61,603.39,True,left_half_forward
48,0.96,18,0.5729,1404.87,606.47,1438.6,690.07,1421.73,690.07,True,central_corridor
48,0.96,23,0.5908,1064.39,674.76,1110.95,783.86,1087.67,783.86,True,left_half_forward
48,0.96,5,0.5218,1340.57,719.76,1407.51,835.33,1374.04,835.33,True,central_corridor
49,0.98,2,0.7236,1482.41,845.6,1532.58,985.71,1507.5,985.71,False,outside
49,0.98,4,0.6561,87.78,591.37,125.18,651.05,106.48,651.05,True,left_pocket
49,0.98,7,0.4817,972.75,558.49,1002.54,624.13,987.65,624.13,True,left_half_forward
49,0.98,9,0.474,221.97,484.43,246.89,551.53,234.43,551.53,False,outside
49,0.98,11,0.5701,150.35,527.25,177.15,587.49,163.75,587.49,True,left_pocket
49,0.98,17,0.5032,1202.98,477.66,1228.84,535.61,1215.91,535.61,True,central_corridor
49,0.98,15,0.6707,1354.91,610.82,1387.25,698.88,1371.08,698.88,True,central_corridor
49,0.98,6,0.377,1066.07,536.28,1091.33,604.1,1078.7,604.1,True,left_half_forward
49,0.98,18,0.5843,1406.28,607.75,1439.2,691.25,1422.74,691.25,True,central_corridor
49,0.98,23,0.6186,1055.11,671.6,1111.44,782.13,1083.28,782.13,True,left_half_forward
49,0.98,5,0.477,1337.28,718.87,1402.07,836.04,1369.67,836.04,True,central_corridor
50,1.0,2,0.7232,1482.38,845.15,1532.7,985.88,1507.54,985.88,False,outside
50,1.0,4,0.6448,87.67,591.63,125.68,651.08,106.67,651.08,True,left_pocket
50,1.0,7,0.4806,972.34,558.8,1002.79,623.14,987.56,623.14,True,left_half_forward
50,1.0,9,0.4964,221.43,484.37,247.05,552.75,234.24,552.75,False,outside
50,1.0,11,0.5819,150.72,527.33,177.83,587.71,164.28,587.71,True,left_pocket
50,1.0,17,0.5027,1203.28,478.1,1228.52,535.96,1215.9,535.96,True,central_corridor
50,1.0,15,0.6695,1355.05,610.85,1387.78,699.07,1371.42,699.07,True,central_corridor
50,1.0,6,0.3823,1066.24,536.33,1091.59,604.38,1078.91,604.38,True,left_half_forward
50,1.0,18,0.5893,1406.85,608.39,1439.13,691.6,1422.99,691.6,True,central_corridor
50,1.0,23,0.6342,1051.47,670.45,1111.53,781.18,1081.5,781.18,True,left_half_forward
50,1.0,5,0.4776,1336.36,717.39,1395.96,828.3,1366.16,828.3,True,central_corridor
51,1.02,2,0.7199,1482.4,845.63,1532.03,986.17,1507.21,986.17,False,outside
51,1.02,4,0.6258,87.66,592.25,127.46,651.09,107.56,651.09,True,left_pocket
51,1.02,7,0.4531,973.31,558.85,1004.04,623.0,988.67,623.0,True,left_half_forward
51,1.02,9,0.4135,221.8,484.39,247.54,553.46,234.67,553.46,False,outside
51,1.02,11,0.4865,151.98,527.5,178.69,589.47,165.33,589.47,True,left_pocket
51,1.02,17,0.3556,1205.83,478.81,1228.92,533.5,1217.37,533.5,True,central_corridor
51,1.02,15,0.6742,1356.67,611.12,1389.4,699.23,1373.03,699.23,True,central_corridor
51,1.02,6,0.3561,1067.04,536.41,1092.3,603.3,1079.67,603.3,True,left_half_forward
51,1.02,18,0.5596,1408.57,609.36,1439.26,692.68,1423.91,692.68,True,central_corridor
51,1.02,23,0.5461,1045.41,670.52,1108.6,778.52,1077.01,778.52,True,left_half_forward
51,1.02,5,0.5598,1333.23,716.89,1396.28,835.71,1364.76,835.71,True,central_corridor
52,1.04,2,0.7162,1482.44,846.09,1531.81,986.31,1507.12,986.31,False,outside
52,1.04,4,0.6252,87.64,592.4,128.26,650.91,107.95,650.91,True,left_pocket
52,1.04,7,0.4632,973.72,558.94,1004.77,623.06,989.25,623.06,True,left_half_forward
52,1.04,9,0.4153,221.68,484.26,247.81,553.44,234.75,553.44,False,outside
52,1.04,11,0.4856,152.23,527.5,179.0,590.06,165.62,590.06,True,left_pocket
52,1.04,17,0.3558,1206.67,478.81,1229.07,532.36,1217.87,532.36,True,central_corridor
52,1.04,15,0.6765,1357.26,611.22,1390.32,699.33,1373.79,699.33,True,central_corridor
52,1.04,6,0.3553,1067.39,536.43,1092.74,602.68,1080.07,602.68,True,left_half_forward
52,1.04,18,0.5597,1409.08,609.43,1439.23,693.13,1424.15,693.13,True,central_corridor
52,1.04,23,0.5493,1043.07,670.39,1107.75,777.47,1075.41,777.47,True,left_half_forward
52,1.04,5,0.5524,1331.96,716.88,1396.37,838.25,1364.16,838.25,True,central_corridor
53,1.06,2,0.7166,1482.56,846.31,1531.8,986.2,1507.18,986.2,False,outside
53,1.06,4,0.6226,87.59,592.5,128.61,650.78,108.1,650.78,True,left_pocket
53,1.06,7,0.4594,973.75,558.85,1004.89,623.18,989.32,623.18,True,left_half_forward
53,1.06,9,0.4252,221.56,484.18,247.9,553.82,234.73,553.82,False,outside
53,1.06,11,0.4927,152.22,527.48,179.13,590.25,165.68,590.25,True,left_pocket
53,1.06,17,0.3749,1206.81,478.73,1229.22,532.36,1218.02,532.36,True,central_corridor
53,1.06,15,0.6693,1357.4,611.32,1390.56,699.27,1373.98,699.27,True,central_corridor
53,1.06,6,0.3601,1067.49,536.31,1092.94,602.63,1080.22,602.63,True,left_half_forward
53,1.06,18,0.5586,1409.34,609.64,1439.49,693.24,1424.41,693.24,True,central_corridor
53,1.06,23,0.5487,1042.3,670.61,1107.53,777.16,1074.92,777.16,True,left_half_forward
53,1.06,5,0.5557,1331.33,716.89,1396.46,839.13,1363.89,839.13,True,central_corridor
54,1.08,2,0.7128,1482.57,846.3,1531.47,986.01,1507.02,986.01,False,outside
54,1.08,4,0.5964,87.35,592.04,131.25,652.03,109.3,652.03,True,left_pocket
54,1.08,7,0.4818,973.85,559.93,1004.2,625.13,989.02,625.13,True,left_half_forward
54,1.08,9,0.4183,220.98,485.4,247.4,553.5,234.19,553.5,False,outside
54,1.08,11,0.4886,151.93,527.55,179.21,588.77,165.57,588.77,True,left_pocket
54,1.08,17,0.3524,1207.96,478.69,1229.94,531.72,1218.95,531.72,True,central_corridor
54,1.08,15,0.6932,1358.75,611.77,1391.37,698.76,1375.06,698.76,True,central_corridor
54,1.08,18,0.5589,1410.89,609.47,1441.09,693.52,1425.99,693.52,True,central_corridor
54,1.08,23,0.5986,1039.69,670.56,1101.72,775.02,1070.71,775.02,True,left_half_forward
54,1.08,5,0.5273,1325.88,716.89,1394.83,839.4,1360.36,839.4,True,central_corridor
55,1.1,2,0.7117,1482.53,846.19,1531.43,986.05,1506.98,986.05,False,outside
55,1.1,4,0.6093,87.35,592.06,131.9,652.65,109.63,652.65,True,left_pocket
55,1.1,7,0.503,974.1,560.68,1004.39,625.86,989.25,625.86,True,left_half_forward
55,1.1,9,0.4235,220.72,485.64,247.2,553.43,233.96,553.43,False,outside
55,1.1,11,0.5121,151.24,527.94,179.23,588.29,165.23,588.29,True,left_pocket
55,1.1,17,0.3553,1208.35,478.57,1230.13,531.26,1219.24,531.26,True,central_corridor
55,1.1,15,0.6874,1359.14,611.96,1391.65,698.93,1375.4,698.93,True,central_corridor
55,1.1,18,0.5628,1411.42,609.37,1441.9,693.49,1426.66,693.49,True,central_corridor
55,1.1,23,0.5911,1038.85,670.42,1099.44,774.29,1069.15,774.29,True,left_half_forward
55,1.1,5,0.5158,1323.66,716.96,1394.26,839.18,1358.96,839.18,True,central_corridor
55,1.1,25,0.3726,486.87,497.66,508.43,544.34,497.65,544.34,True,left_pocket
56,1.12,2,0.7265,1482.61,846.26,1531.27,985.93,1506.94,985.93,False,outside
56,1.12,4,0.5726,89.34,591.07,129.66,651.35,109.5,651.35,True,left_pocket
56,1.12,7,0.5262,974.77,562.56,1006.45,627.4,990.61,627.4,True,left_half_forward
56,1.12,9,0.4498,220.56,485.98,246.95,551.95,233.76,551.95,False,outside
56,1.12,11,0.417,154.07,528.34,179.0,588.2,166.53,588.2,True,left_pocket
56,1.12,17,0.3879,1208.3,478.83,1231.42,534.11,1219.86,534.11,True,central_corridor
56,1.12,15,0.6793,1359.88,612.65,1392.24,697.53,1376.06,697.53,True,central_corridor
56,1.12,18,0.6055,1411.12,609.42,1444.53,693.67,1427.82,693.67,True,central_corridor
56,1.12,23,0.6131,1032.83,670.19,1092.98,775.56,1062.91,775.56,True,left_half_forward
56,1.12,5,0.5163,1320.95,717.08,1390.01,840.41,1355.48,840.41,True,central_corridor
57,1.14,2,0.7312,1482.65,846.11,1531.11,985.82,1506.88,985.82,False,outside
57,1.14,4,0.5232,93.35,590.83,128.82,651.72,111.09,651.72,True,left_pocket
57,1.14,7,0.4475,974.94,563.68,1008.2,629.13,991.57,629.13,True,left_half_forward
57,1.14,9,0.43,220.19,486.65,247.01,551.36,233.6,551.36,False,outside
57,1.14,11,0.4851,154.91,529.86,181.99,587.62,168.45,587.62,True,left_pocket
57,1.14,17,0.3648,1209.76,480.33,1232.38,533.02,1221.07,533.02,True,central_corridor
57,1.14,15,0.6866,1360.9,613.44,1394.1,698.38,1377.5,698.38,True,central_corridor
57,1.14,18,0.6151,1412.28,607.74,1445.49,694.13,1428.89,694.13,True,central_corridor
57,1.14,23,0.6047,1023.37,673.82,1085.69,775.49,1054.53,775.49,True,left_half_forward
57,1.14,5,0.5727,1318.81,716.84,1385.33,841.36,1352.07,841.36,True,central_corridor
57,1.14,26,0.3891,845.68,470.7,865.39,513.92,855.54,513.92,False,outside
58,1.16,2,0.7314,1482.69,845.98,1531.2,985.83,1506.95,985.83,False,outside
58,1.16,4,0.5176,94.93,590.71,128.16,652.15,111.54,652.15,True,left_pocket
58,1.16,7,0.4638,975.01,563.73,1009.01,630.11,992.01,630.11,True,left_half_forward
58,1.16,9,0.419,219.94,487.09,246.69,550.36,233.32,550.36,False,outside
58,1.16,11,0.4804,155.14,530.4,182.97,587.46,169.06,587.46,True,left_pocket
58,1.16,17,0.3541,1210.14,480.99,1232.59,532.53,1221.36,532.53,True,central_corridor
58,1.16,15,0.6833,1361.11,613.85,1394.75,699.12,1377.93,699.12,True,central_corridor
58,1.16,18,0.624,1412.73,607.15,1445.79,694.57,1429.26,694.57,True,central_corridor
58,1.16,23,0.6006,1020.75,673.83,1082.6,774.76,1051.67,774.76,True,left_half_forward
58,1.16,5,0.5463,1318.57,717.0,1383.97,841.71,1351.27,841.71,True,central_corridor
58,1.16,26,0.3853,845.94,470.68,865.47,513.91,855.71,513.91,False,outside
58,1.16,28,0.3951,1334.19,727.14,1390.89,844.66,1362.54,844.66,True,central_corridor
59,1.18,2,0.7427,1482.5,845.74,1531.05,985.56,1506.77,985.56,False,outside
59,1.18,4,0.5111,99.14,590.56,135.09,651.79,117.12,651.79,True,left_pocket
59,1.18,7,0.5337,975.52,565.05,1011.01,630.97,993.26,630.97,True,left_half_forward
59,1.18,9,0.3807,219.23,490.17,246.33,552.68,232.78,552.68,False,outside
59,1.18,11,0.4173,156.28,532.55,182.22,589.77,169.25,589.77,True,left_pocket
59,1.18,17,0.4808,1211.21,479.92,1232.34,532.88,1221.77,532.88,True,central_corridor
59,1.18,15,0.6546,1362.28,614.91,1395.54,699.14,1378.91,699.14,True,central_corridor
59,1.18,18,0.579,1413.83,606.03,1445.81,694.51,1429.82,694.51,True,central_corridor
59,1.18,23,0.629,1014.88,674.3,1070.39,773.77,1042.63,773.77,True,left_half_forward
59,1.18,5,0.4454,1317.73,718.6,1380.25,839.26,1348.99,839.26,True,central_corridor
59,1.18,26,0.3863,846.79,473.78,866.11,514.42,856.45,514.42,False,outside
59,1.18,28,0.3785,1332.49,737.13,1381.34,839.65,1356.91,839.65,True,central_corridor
59,1.18,6,0.3622,1073.76,538.95,1097.57,602.52,1085.66,602.52,True,left_half_forward
60,1.2,2,0.7417,1482.38,845.58,1531.1,985.38,1506.74,985.38,False,outside
60,1.2,4,0.5074,100.38,590.41,137.33,651.87,118.85,651.87,True,left_pocket
60,1.2,7,0.5192,975.58,565.29,1011.84,631.29,993.71,631.29,True,left_half_forward
60,1.2,9,0.3941,218.97,491.08,246.39,553.67,232.68,553.67,False,outside
60,1.2,11,0.4036,156.96,533.2,181.89,590.77,169.43,590.77,True,left_pocket
60,1.2,17,0.4745,1211.7,479.73,1232.46,533.4,1222.08,533.4,True,central_corridor
60,1.2,15,0.6457,1362.7,615.32,1395.82,699.38,1379.26,699.38,True,central_corridor
60,1.2,18,0.5647,1414.14,605.48,1445.89,694.43,1430.02,694.43,True,central_corridor
60,1.2,23,0.6307,1012.88,674.49,1065.7,773.36,1039.29,773.36,True,left_half_forward
60,1.2,5,0.4733,1316.48,719.14,1379.03,837.83,1347.75,837.83,True,central_corridor
60,1.2,26,0.3938,847.05,473.57,866.28,514.59,856.67,514.59,False,outside
60,1.2,28,0.3726,1329.64,736.57,1378.47,837.9,1354.06,837.9,True,central_corridor
60,1.2,29,0.4638,1314.29,719.9,1359.34,832.61,1336.81,832.61,True,central_corridor
60,1.2,6,0.3629,1074.26,538.87,1097.76,602.28,1086.01,602.28,True,left_half_forward
61,1.22,2,0.7384,1482.09,845.82,1530.88,985.42,1506.49,985.42,False,outside
61,1.22,4,0.4861,102.6,590.27,143.36,652.84,122.98,652.84,True,left_pocket
61,1.22,7,0.5839,974.4,566.77,1011.72,632.51,993.06,632.51,True,left_half_forward
61,1.22,9,0.3646,219.37,491.86,246.13,553.59,232.75,553.59,False,outside
61,1.22,11,0.3643,159.71,532.34,184.5,590.68,172.11,590.68,True,left_pocket
61,1.22,17,0.399,1212.43,478.97,1233.02,533.61,1222.73,533.61,True,central_corridor
61,1.22,15,0.6469,1363.28,616.28,1397.92,700.56,1380.6,700.56,True,central_corridor
61,1.22,18,0.5718,1414.18,605.03,1446.3,694.82,1430.24,694.82,True,central_corridor
61,1.22,23,0.4923,1005.18,671.99,1063.03,772.2,1034.1,772.2,True,left_half_forward
61,1.22,5,0.3909,1316.67,720.04,1383.5,841.05,1350.09,841.05,True,central_corridor
61,1.22,26,0.4119,847.82,471.21,867.21,514.84,857.51,514.84,False,outside
61,1.22,29,0.5226,1315.55,719.38,1366.64,835.5,1341.1,835.5,True,central_corridor
61,1.22,6,0.4479,1074.75,540.46,1098.71,604.61,1086.73,604.61,True,left_half_forward
61,1.22,30,0.3679,1587.91,461.54,1607.29,502.39,1597.6,502.39,False,outside
62,1.24,2,0.738,1482.2,846.32,1530.94,985.42,1506.57,985.42,False,outside
62,1.24,4,0.4886,103.24,590.17,145.75,653.57,124.49,653.57,True,left_pocket
62,1.24,7,0.5854,973.87,567.25,1011.68,632.91,992.77,632.91,True,left_half_forward
62,1.24,9,0.3633,219.53,492.0,246.05,553.58,232.79,553.58,False,outside
62,1.24,11,0.3735,160.96,532.05,185.61,590.11,173.29,590.11,True,left_pocket
62,1.24,17,0.4126,1212.67,478.32,1233.39,533.77,1223.03,533.77,True,central_corridor
62,1.24,15,0.6578,1363.6,616.67,1398.72,701.02,1381.16,701.02,True,central_corridor
62,1.24,18,0.5654,1414.06,604.85,1446.45,694.9,1430.25,694.9,True,central_corridor
62,1.24,23,0.5025,1002.39,670.89,1061.85,771.46,1032.12,771.46,True,left_half_forward
62,1.24,5,0.4062,1316.68,720.25,1385.44,842.25,1351.06,842.25,True,central_corridor
62,1.24,26,0.4279,847.99,470.19,867.7,514.94,857.85,514.94,False,outside
62,1.24,29,0.5107,1316.1,719.21,1370.01,836.53,1343.06,836.53,True,central_corridor
62,1.24,6,0.4432,1074.91,540.83,1099.06,605.14,1086.98,605.14,True,left_half_forward
62,1.24,30,0.3628,1587.94,461.59,1607.38,502.14,1597.66,502.14,False,outside
62,1.24,31,0.3827,1003.52,671.64,1048.83,759.6,1026.18,759.6,True,left_half_forward
63,1.26,2,0.7407,1482.17,846.5,1530.97,985.41,1506.57,985.41,False,outside
63,1.26,4,0.4933,103.45,590.07,146.74,653.71,125.1,653.71,True,left_pocket
63,1.26,7,0.5943,973.64,567.52,1011.85,633.06,992.74,633.06,True,left_half_forward
63,1.26,9,0.3739,219.34,491.78,245.83,553.79,232.58,553.79,False,outside
63,1.26,11,0.3836,161.35,531.75,186.19,590.26,173.77,590.26,True,left_pocket
63,1.26,17,0.4144,1212.71,477.85,1233.46,533.9,1223.09,533.9,True,central_corridor
63,1.26,15,0.6618,1363.63,616.77,1399.01,701.35,1381.32,701.35,True,central_corridor
63,1.26,18,0.5671,1414.09,604.83,1446.48,694.85,1430.29,694.85,True,central_corridor
63,1.26,23,0.5002,1001.39,670.47,1061.81,771.28,1031.6,771.28,True,left_half_forward
63,1.26,26,0.4304,848.05,469.8,867.88,514.96,857.97,514.96,False,outside
63,1.26,29,0.5234,1316.19,718.97,1371.79,837.02,1343.99,837.02,True,central_corridor
63,1.26,6,0.4469,1074.95,540.78,1099.13,605.12,1087.04,605.12,True,left_half_forward
63,1.26,30,0.3778,1588.11,461.64,1607.42,502.09,1597.76,502.09,False,outside
63,1.26,31,0.3813,1003.43,671.55,1048.36,759.3,1025.9,759.3,True,left_half_forward
63,1.26,25,0.3528,488.67,497.75,511.3,544.32,499.98,544.32,True,left_pocket
64,1.28,2,0.7408,1482.14,846.69,1530.99,985.42,1506.57,985.42,False,outside
64,1.28,4,0.4926,103.36,589.96,147.08,654.23,125.22,654.23,True,left_pocket
64,1.28,7,0.5938,973.66,567.58,1012.13,632.98,992.89,632.98,True,left_half_forward
64,1.28,9,0.3715,219.34,491.82,245.59,553.68,232.46,553.68,False,outside
64,1.28,11,0.376,161.34,531.61,186.38,590.59,173.86,590.59,True,left_pocket
64,1.28,17,0.4148,1212.64,477.67,1233.39,534.04,1223.01,534.04,True,central_corridor
64,1.28,15,0.6605,1363.66,616.84,1399.07,701.37,1381.36,701.37,True,central_corridor
64,1.28,18,0.5605,1413.99,604.73,1446.55,694.9,1430.27,694.9,True,central_corridor
64,1.28,23,0.5023,1001.19,670.42,1062.05,771.22,1031.62,771.22,True,left_half_forward
64,1.28,26,0.4099,848.06,469.68,867.97,515.07,858.01,515.07,False,outside
64,1.28,29,0.5186,1316.25,719.02,1371.88,836.88,1344.06,836.88,True,central_corridor
64,1.28,6,0.4379,1074.97,540.61,1099.11,605.02,1087.04,605.02,True,left_half_forward
64,1.28,30,0.3807,1588.16,461.63,1607.43,501.86,1597.8,501.86,False,outside
64,1.28,31,0.3858,1003.48,671.63,1048.38,759.28,1025.93,759.28,True,left_half_forward
64,1.28,25,0.3521,488.76,497.77,511.43,544.44,500.09,544.44,True,left_pocket
64,1.28,5,0.4108,1316.65,720.18,1387.22,843.01,1351.94,843.01,True,central_corridor
65,1.3,2,0.7375,1482.09,846.74,1530.98,985.33,1506.54,985.33,False,outside
65,1.3,4,0.4959,103.19,589.89,147.05,654.77,125.12,654.77,True,left_pocket
65,1.3,7,0.5927,973.72,567.63,1012.08,632.98,992.9,632.98,True,left_half_forward
65,1.3,9,0.365,219.4,491.93,245.5,553.59,232.45,553.59,False,outside
65,1.3,11,0.378,161.37,531.51,186.44,590.78,173.91,590.78,True,left_pocket
65,1.3,17,0.4129,1212.64,477.47,1233.38,533.91,1223.01,533.91,True,central_corridor
65,1.3,15,0.658,1363.61,616.87,1399.09,701.42,1381.35,701.42,True,central_corridor
65,1.3,18,0.5568,1413.94,604.7,1446.64,694.85,1430.29,694.85,True,central_corridor
65,1.3,23,0.5001,1001.32,670.42,1062.14,771.16,1031.73,771.16,True,left_half_forward
65,1.3,26,0.4288,847.9,469.58,867.62,514.94,857.76,514.94,False,outside
65,1.3,29,0.5104,1316.29,719.0,1371.32,836.62,1343.81,836.62,True,central_corridor
65,1.3,6,0.4354,1075.09,540.48,1099.05,604.95,1087.07,604.95,True,left_half_forward
65,1.3,30,0.3831,1588.21,461.66,1607.41,501.72,1597.81,501.72,False,outside
65,1.3,31,0.3837,1003.51,671.69,1048.44,759.41,1025.98,759.41,True,left_half_forward
65,1.3,25,0.3607,488.81,497.87,511.49,544.54,500.15,544.54,True,left_pocket
65,1.3,5,0.4067,1316.87,720.03,1388.8,843.22,1352.83,843.22,True,central_corridor
66,1.32,2,0.7369,1482.04,846.79,1531.04,985.36,1506.54,985.36,False,outside
66,1.32,4,0.4927,103.06,589.75,147.18,654.64,125.12,654.64,True,left_pocket
66,1.32,7,0.5943,973.6,567.68,1012.12,632.9,992.86,632.9,True,left_half_forward
66,1.32,9,0.3692,219.3,491.77,245.46,553.63,232.38,553.63,False,outside
66,1.32,11,0.387,161.34,531.49,186.51,591.01,173.93,591.01,True,left_pocket
66,1.32,17,0.4208,1212.59,477.53,1233.32,533.8,1222.96,533.8,True,central_corridor
66,1.32,15,0.6587,1363.52,616.87,1399.07,701.44,1381.29,701.44,True,central_corridor
66,1.32,18,0.5579,1413.87,604.69,1446.69,694.81,1430.28,694.81,True,central_corridor
66,1.32,23,0.5106,1001.93,671.33,1060.78,769.58,1031.35,769.58,True,left_half_forward
66,1.32,26,0.4327,847.93,469.7,867.45,514.93,857.69,514.93,False,outside
66,1.32,29,0.5113,1316.29,719.1,1371.26,836.76,1343.77,836.76,True,central_corridor
66,1.32,6,0.4453,1074.99,540.35,1098.98,604.96,1086.98,604.96,True,left_half_forward
66,1.32,30,0.3825,1588.26,461.63,1607.41,501.73,1597.84,501.73,False,outside
66,1.32,25,0.3545,488.81,497.88,511.55,544.6,500.18,544.6,True,left_pocket
66,1.32,5,0.4121,1316.93,720.07,1389.72,843.56,1353.33,843.56,True,central_corridor
67,1.34,2,0.737,1482.01,846.79,1531.05,985.35,1506.53,985.35,False,outside
67,1.34,4,0.4933,103.08,589.6,147.14,654.38,125.11,654.38,True,left_pocket
67,1.34,7,0.5927,973.53,567.49,1012.1,632.83,992.82,632.83,True,left_half_forward
67,1.34,9,0.3628,219.27,491.71,245.4,553.56,232.34,553.56,False,outside
67,1.34,11,0.3866,161.38,531.43,186.52,590.83,173.95,590.83,True,left_pocket
67,1.34,17,0.4134,1212.6,477.54,1233.25,533.56,1222.92,533.56,True,central_corridor
67,1.34,15,0.6625,1363.48,616.77,1399.05,701.49,1381.26,701.49,True,central_corridor
67,1.34,18,0.5521,1413.8,604.72,1446.67,694.7,1430.23,694.7,True,central_corridor
67,1.34,23,0.5023,1002.37,671.83,1059.99,768.51,1031.18,768.51,True,left_half_forward
67,1.34,26,0.4329,847.94,469.74,867.38,514.86,857.66,514.86,False,outside
67,1.34,29,0.5087,1316.28,719.13,1371.3,836.7,1343.79,836.7,True,central_corridor
67,1.34,6,0.4435,1074.91,540.34,1098.96,604.86,1086.93,604.86,True,left_half_forward
67,1.34,30,0.3713,1588.28,461.77,1607.42,501.67,1597.85,501.67,False,outside
67,1.34,25,0.3593,488.84,497.82,511.63,544.54,500.23,544.54,True,left_pocket
67,1.34,5,0.4136,1317.02,720.13,1389.9,843.57,1353.46,843.57,True,central_corridor
68,1.36,2,0.7478,1482.02,846.67,1531.04,985.07,1506.53,985.07,False,outside
68,1.36,4,0.4877,103.2,589.78,147.24,653.63,125.22,653.63,True,left_pocket
68,1.36,7,0.5875,973.39,567.39,1012.14,632.85,992.77,632.85,True,left_half_forward
68,1.36,9,0.3715,219.37,491.36,246.02,553.88,232.7,553.88,False,outside
68,1.36,11,0.3727,161.42,531.54,186.51,591.26,173.97,591.26,True,left_pocket
68,1.36,17,0.4148,1212.45,477.99,1233.41,533.93,1222.93,533.93,True,central_corridor
68,1.36,15,0.658,1363.46,616.46,1399.09,701.5,1381.28,701.5,True,central_corridor
68,1.36,18,0.5692,1414.12,604.76,1446.51,694.99,1430.32,694.99,True,central_corridor
68,1.36,23,0.4993,1002.37,671.06,1061.7,770.51,1032.03,770.51,True,left_half_forward
68,1.36,26,0.4283,848.1,469.7,867.35,514.89,857.72,514.89,False,outside
68,1.36,29,0.5043,1316.14,718.99,1370.73,837.81,1343.44,837.81,True,central_corridor
68,1.36,6,0.4131,1074.98,540.06,1099.1,605.18,1087.04,605.18,True,left_half_forward
68,1.36,30,0.3658,1588.0,461.83,1607.35,501.68,1597.67,501.68,False,outside
68,1.36,31,0.3739,1003.89,671.92,1048.73,759.77,1026.31,759.77,True,left_half_forward
69,1.38,2,0.7444,1482.07,846.67,1531.03,985.03,1506.55,985.03,False,outside
69,1.38,4,0.4901,103.24,589.86,147.21,653.55,125.23,653.55,True,left_pocket
69,1.38,7,0.5877,973.41,567.26,1011.99,632.75,992.7,632.75,True,left_half_forward
69,1.38,9,0.3733,219.3,491.39,246.25,554.11,232.77,554.11,False,outside
69,1.38,11,0.3698,161.45,531.46,186.38,591.16,173.91,591.16,True,left_pocket
69,1.38,17,0.416,1212.36,478.0,1233.49,534.07,1222.93,534.07,True,central_corridor
69,1.38,15,0.6481,1363.41,616.35,1399.08,701.57,1381.24,701.57,True,central_corridor
69,1.38,18,0.5707,1414.16,604.8,1446.38,694.91,1430.27,694.91,True,central_corridor
69,1.38,23,0.502,1002.43,670.76,1061.77,770.74,1032.1,770.74,True,left_half_forward
69,1.38,26,0.4173,848.13,469.83,867.3,514.95,857.72,514.95,False,outside
69,1.38,29,0.497,1315.97,719.02,1370.01,837.91,1342.99,837.91,True,central_corridor
69,1.38,6,0.4206,1074.95,540.01,1099.08,605.34,1087.02,605.34,True,left_half_forward
69,1.38,30,0.3616,1587.83,462.0,1607.32,501.79,1597.57,501.79,False,outside
69,1.38,31,0.3821,1003.95,671.9,1049.16,759.93,1026.56,759.93,True,left_half_forward
69,1.38,25,0.3535,488.97,498.08,511.46,544.15,500.21,544.15,True,left_pocket
69,1.38,5,0.3677,1317.42,720.32,1388.35,844.15,1352.88,844.15,True,central_corridor
70,1.4,2,0.743,1482.1,846.57,1530.99,985.01,1506.54,985.01,False,outside
70,1.4,4,0.4899,103.25,590.04,147.1,653.34,125.18,653.34,True,left_pocket
70,1.4,7,0.5858,973.47,567.2,1011.82,632.84,992.64,632.84,True,left_half_forward
70,1.4,9,0.379,219.15,491.46,246.22,554.26,232.68,554.26,False,outside
70,1.4,11,0.3729,161.53,531.57,186.36,590.89,173.95,590.89,True,left_pocket
70,1.4,17,0.4185,1212.33,477.88,1233.53,534.16,1222.93,534.16,True,central_corridor
70,1.4,15,0.6535,1363.44,616.44,1398.95,701.44,1381.19,701.44,True,central_corridor
70,1.4,18,0.5737,1414.1,604.91,1446.33,694.75,1430.21,694.75,True,central_corridor
70,1.4,23,0.5073,1002.57,670.72,1061.62,770.77,1032.1,770.77,True,left_half_forward
70,1.4,26,0.4198,848.11,469.79,867.29,514.99,857.7,514.99,False,outside
70,1.4,29,0.5015,1315.99,719.05,1369.85,837.12,1342.92,837.12,True,central_corridor
70,1.4,6,0.4178,1074.9,539.99,1099.01,605.19,1086.95,605.19,True,left_half_forward
70,1.4,31,0.3878,1003.98,672.0,1049.34,760.16,1026.66,760.16,True,left_half_forward
70,1.4,5,0.3787,1317.63,720.34,1387.92,843.88,1352.78,843.88,True,central_corridor
71,1.42,2,0.7388,1481.99,846.47,1530.99,985.33,1506.49,985.33,False,outside
71,1.42,4,0.4872,103.11,589.99,147.05,653.32,125.08,653.32,True,left_pocket
71,1.42,7,0.5887,973.43,567.28,1011.81,632.85,992.62,632.85,True,left_half_forward
71,1.42,9,0.3764,218.93,491.48,246.04,554.25,232.49,554.25,False,outside
71,1.42,11,0.3725,161.61,531.6,186.47,590.86,174.04,590.86,True,left_pocket
71,1.42,17,0.4212,1212.29,477.98,1233.5,534.06,1222.9,534.06,True,central_corridor
71,1.42,15,0.6562,1363.51,616.39,1399.01,701.54,1381.26,701.54,True,central_corridor
71,1.42,18,0.5774,1413.97,604.91,1446.32,694.91,1430.14,694.91,True,central_corridor
71,1.42,23,0.4969,1002.56,670.73,1061.78,770.66,1032.17,770.66,True,left_half_forward
71,1.42,26,0.4256,848.1,469.84,867.23,515.04,857.67,515.04,False,outside
71,1.42,29,0.4997,1315.87,719.23,1370.19,836.75,1343.03,836.75,True,central_corridor
71,1.42,6,0.4205,1074.86,540.03,1098.96,605.22,1086.91,605.22,True,left_half_forward
71,1.42,31,0.3803,1003.89,672.04,1049.39,759.83,1026.64,759.83,True,left_half_forward
71,1.42,5,0.3912,1317.59,720.43,1388.04,843.88,1352.81,843.88,True,central_corridor
72,1.44,2,0.742,1482.02,846.55,1530.96,985.26,1506.49,985.26,False,outside
72,1.44,4,0.4884,102.96,589.87,147.04,653.7,125.0,653.7,True,left_pocket
72,1.44,7,0.5904,973.47,567.32,1011.76,633.05,992.61,633.05,True,left_half_forward
72,1.44,9,0.3706,218.98,491.74,246.06,554.27,232.52,554.27,False,outside
72,1.44,11,0.3721,161.62,531.55,186.53,591.04,174.08,591.04,True,left_pocket
72,1.44,17,0.4161,1212.31,478.3,1233.44,533.91,1222.88,533.91,True,central_corridor
72,1.44,15,0.6518,1363.44,616.5,1398.96,701.43,1381.2,701.43,True,central_corridor
72,1.44,18,0.5713,1413.93,604.89,1446.37,694.88,1430.15,694.88,True,central_corridor
72,1.44,23,0.4992,1002.64,670.82,1062.08,770.7,1032.36,770.7,True,left_half_forward
72,1.44,26,0.4271,847.91,469.82,867.08,515.03,857.49,515.03,False,outside
72,1.44,29,0.4969,1315.88,719.18,1370.34,836.64,1343.11,836.64,True,central_corridor
72,1.44,6,0.4196,1074.76,540.11,1098.96,605.12,1086.86,605.12,True,left_half_forward
72,1.44,31,0.3788,1003.82,672.12,1049.26,759.8,1026.54,759.8,True,left_half_forward
72,1.44,5,0.3959,1317.57,720.37,1388.31,843.72,1352.94,843.72,True,central_corridor
72,1.44,30,0.3577,1587.86,461.87,1607.39,501.65,1597.62,501.65,False,outside
72,1.44,25,0.3585,488.93,498.04,511.37,543.87,500.15,543.87,True,outside
73,1.46,2,0.7415,1482.02,846.7,1530.96,985.35,1506.49,985.35,False,outside
73,1.46,4,0.4906,102.93,589.68,146.92,653.59,124.92,653.59,True,left_pocket
73,1.46,7,0.5978,973.5,567.19,1011.67,633.03,992.59,633.03,True,left_half_forward
73,1.46,9,0.3781,218.93,491.79,245.93,554.32,232.43,554.32,False,outside
73,1.46,11,0.373,161.6,531.54,186.53,591.05,174.06,591.05,True,left_pocket
73,1.46,17,0.4126,1212.19,478.49,1233.37,534.05,1222.78,534.05,True,central_corridor
73,1.46,15,0.6555,1363.36,616.63,1398.92,701.39,1381.14,701.39,True,central_corridor
73,1.46,18,0.571,1413.87,604.9,1446.31,695.01,1430.09,695.01,True,central_corridor
73,1.46,23,0.5059,1002.83,670.99,1062.21,770.71,1032.52,770.71,True,left_half_forward
73,1.46,26,0.4321,847.87,469.79,867.14,515.02,857.5,515.02,False,outside
73,1.46,29,0.4999,1315.85,719.23,1370.26,837.12,1343.06,837.12,True,central_corridor
73,1.46,6,0.428,1074.73,540.19,1098.98,605.12,1086.85,605.12,True,left_half_forward
73,1.46,31,0.3858,1003.89,672.29,1049.39,759.91,1026.64,759.91,True,left_half_forward
73,1.46,5,0.3919,1317.46,720.4,1388.34,843.92,1352.9,843.92,True,central_corridor
73,1.46,30,0.355,1587.87,461.88,1607.4,501.61,1597.64,501.61,False,outside
73,1.46,25,0.3561,488.85,497.96,511.34,543.8,500.1,543.8,True,outside
74,1.48,2,0.7411,1482.08,846.7,1530.97,985.35,1506.52,985.35,False,outside
74,1.48,4,0.4888,102.78,589.7,146.94,653.61,124.86,653.61,True,left_pocket
74,1.48,7,0.5944,973.45,567.01,1011.7,632.94,992.58,632.94,True,left_half_forward
74,1.48,9,0.3737,218.96,491.79,245.84,554.2,232.4,554.2,False,outside
74,1.48,11,0.3727,161.62,531.52,186.59,591.14,174.1,591.14,True,left_pocket
74,1.48,17,0.4133,1212.22,478.53,1233.34,534.06,1222.78,534.06,True,central_corridor
74,1.48,15,0.6554,1363.33,616.68,1398.9,701.33,1381.12,701.33,True,central_corridor
74,1.48,18,0.5641,1413.85,604.89,1446.3,694.99,1430.08,694.99,True,central_corridor
74,1.48,23,0.5069,1002.87,670.95,1062.5,770.82,1032.69,770.82,True,left_half_forward
74,1.48,26,0.4361,847.8,469.87,866.93,514.94,857.37,514.94,False,outside
74,1.48,29,0.4968,1315.86,719.21,1370.39,837.22,1343.12,837.22,True,central_corridor
74,1.48,6,0.423,1074.76,540.32,1098.85,604.93,1086.8,604.93,True,left_half_forward
74,1.48,31,0.3823,1003.83,672.27,1049.39,759.85,1026.61,759.85,True,left_half_forward
74,1.48,5,0.3959,1317.49,720.36,1388.48,844.13,1352.99,844.13,True,central_corridor
74,1.48,25,0.3582,488.86,497.95,511.25,543.97,500.05,543.97,True,outside
75,1.5,2,0.7396,1481.87,846.75,1531.01,985.45,1506.44,985.45,False,outside
75,1.5,4,0.4855,102.56,589.62,146.95,653.93,124.75,653.93,True,left_pocket
75,1.5,7,0.5901,973.45,567.08,1011.67,632.89,992.56,632.89,True,left_half_forward
75,1.5,9,0.3706,218.97,491.77,245.8,554.14,232.38,554.14,False,outside
75,1.5,11,0.3695,161.51,531.54,186.61,591.01,174.06,591.01,True,left_pocket
75,1.5,17,0.4116,1212.39,478.58,1233.34,533.8,1222.86,533.8,True,central_corridor
75,1.5,15,0.6578,1363.33,616.64,1398.89,701.3,1381.11,701.3,True,central_corridor
75,1.5,18,0.5605,1413.83,604.97,1446.25,695.03,1430.04,695.03,True,central_corridor
75,1.5,23,0.507,1003.01,670.89,1062.81,771.13,1032.91,771.13,True,left_half_forward
75,1.5,26,0.437,847.76,469.93,866.84,514.9,857.3,514.9,False,outside
75,1.5,29,0.5009,1315.97,719.29,1370.58,836.97,1343.28,836.97,True,central_corridor
75,1.5,6,0.4254,1074.77,540.4,1098.73,604.75,1086.75,604.75,True,left_half_forward
75,1.5,31,0.3824,1003.88,672.18,1049.33,759.94,1026.6,759.94,True,left_half_forward
75,1.5,5,0.3993,1317.58,720.41,1388.0,844.08,1352.79,844.08,True,central_corridor
75,1.5,25,0.366,488.85,497.91,511.23,544.2,500.04,544.2,True,left_pocket
75,1.5,30,0.3567,1587.9,461.89,1607.37,501.75,1597.63,501.75,False,outside
76,1.52,2,0.7409,1481.76,846.91,1530.99,985.52,1506.38,985.52,False,outside
76,1.52,4,0.4861,102.49,589.67,146.93,654.03,124.71,654.03,True,left_pocket
76,1.52,7,0.5871,973.44,567.01,1011.84,632.85,992.64,632.85,True,left_half_forward
76,1.52,9,0.3693,218.97,491.75,245.75,554.03,232.36,554.03,False,outside
76,1.52,11,0.3702,161.51,531.55,186.6,590.94,174.06,590.94,True,left_pocket
76,1.52,17,0.4114,1212.5,478.74,1233.35,533.72,1222.93,533.72,True,central_corridor
76,1.52,15,0.6534,1363.33,616.59,1398.9,701.39,1381.12,701.39,True,central_corridor
76,1.52,18,0.5574,1413.81,605.0,1446.24,695.08,1430.03,695.08,True,central_corridor
76,1.52,23,0.5028,1003.03,670.83,1062.96,771.26,1032.99,771.26,True,left_half_forward
76,1.52,26,0.4369,847.78,470.0,866.86,515.05,857.32,515.05,False,outside
76,1.52,29,0.4988,1316.0,719.33,1370.6,837.16,1343.3,837.16,True,central_corridor
76,1.52,6,0.4205,1074.61,540.37,1098.78,604.79,1086.7,604.79,True,left_half_forward
76,1.52,31,0.3821,1003.87,672.09,1049.08,760.12,1026.47,760.12,True,left_half_forward
76,1.52,5,0.4045,1317.44,720.38,1388.09,844.0,1352.76,844.0,True,central_corridor
76,1.52,25,0.3621,488.95,497.9,511.24,544.15,500.09,544.15,True,left_pocket
76,1.52,30,0.3548,1588.0,461.91,1607.38,501.82,1597.69,501.82,False,outside
77,1.54,2,0.7387,1481.61,846.95,1531.01,985.64,1506.31,985.64,False,outside
77,1.54,4,0.4887,102.37,589.62,146.8,654.07,124.58,654.07,True,left_pocket
77,1.54,7,0.5874,973.41,567.09,1011.8,632.84,992.61,632.84,True,left_half_forward
77,1.54,9,0.3693,219.01,491.61,245.74,553.97,232.37,553.97,False,outside
77,1.54,11,0.3719,161.45,531.56,186.55,590.88,174.0,590.88,True,left_pocket
77,1.54,17,0.4212,1212.56,478.76,1233.39,533.72,1222.98,533.72,True,central_corridor
77,1.54,15,0.6508,1363.29,616.58,1398.84,701.43,1381.06,701.43,True,central_corridor
77,1.54,18,0.5549,1413.79,604.99,1446.28,695.09,1430.04,695.09,True,central_corridor
77,1.54,23,0.5065,1003.0,670.77,1063.0,771.39,1033.0,771.39,True,left_half_forward
77,1.54,26,0.4321,847.82,469.91,866.86,515.0,857.34,515.0,False,outside
77,1.54,29,0.4992,1315.95,719.32,1370.48,837.38,1343.22,837.38,True,central_corridor
77,1.54,6,0.4187,1074.46,540.45,1098.7,604.93,1086.58,604.93,True,left_half_forward
77,1.54,31,0.3804,1003.82,672.07,1049.06,760.67,1026.44,760.67,True,left_half_forward
77,1.54,5,0.3974,1317.33,720.32,1388.04,844.01,1352.69,844.01,True,central_corridor
77,1.54,25,0.3775,488.95,497.88,511.25,544.33,500.1,544.33,True,left_pocket
77,1.54,30,0.3603,1588.08,461.78,1607.38,501.88,1597.73,501.88,False,outside
78,1.56,2,0.7415,1481.8,846.89,1531.01,985.48,1506.41,985.48,False,outside
78,1.56,4,0.4874,102.38,589.6,146.7,653.78,124.54,653.78,True,left_pocket
78,1.56,7,0.5934,973.4,567.03,1011.73,632.78,992.57,632.78,True,left_half_forward
78,1.56,9,0.3636,219.01,491.96,245.6,553.9,232.31,553.9,False,outside
78,1.56,11,0.3735,161.34,531.45,186.51,591.01,173.92,591.01,True,left_pocket
78,1.56,17,0.4237,1212.55,478.55,1233.37,533.79,1222.96,533.79,True,central_corridor
78,1.56,15,0.6485,1363.33,616.51,1398.85,701.45,1381.09,701.45,True,central_corridor
78,1.56,18,0.5552,1413.8,605.05,1446.23,695.06,1430.01,695.06,True,central_corridor
78,1.56,23,0.5038,1003.01,670.79,1062.9,771.34,1032.96,771.34,True,left_half_forward
78,1.56,26,0.4347,847.83,469.88,866.79,514.98,857.31,514.98,False,outside
78,1.56,29,0.4983,1315.96,719.34,1370.49,837.26,1343.23,837.26,True,central_corridor
78,1.56,6,0.4189,1074.44,540.38,1098.51,605.03,1086.47,605.03,True,left_half_forward
78,1.56,31,0.3795,1003.78,672.14,1049.12,760.84,1026.45,760.84,True,left_half_forward
78,1.56,5,0.4078,1317.27,720.3,1388.35,843.97,1352.81,843.97,True,central_corridor
78,1.56,25,0.3784,488.93,497.92,511.25,544.4,500.09,544.4,True,left_pocket
78,1.56,30,0.3563,1588.06,461.85,1607.36,501.95,1597.71,501.95,False,outside
79,1.58,2,0.743,1481.91,846.89,1530.97,985.49,1506.44,985.49,False,outside
79,1.58,4,0.4881,102.59,589.66,146.63,653.72,124.61,653.72,True,left_pocket
79,1.58,7,0.5959,973.41,566.97,1011.78,632.62,992.59,632.62,True,left_half_forward
79,1.58,9,0.3663,219.04,492.2,245.51,553.95,232.28,553.95,False,outside
79,1.58,11,0.3717,161.36,531.45,186.5,591.01,173.93,591.01,True,left_pocket
79,1.58,17,0.4202,1212.51,478.46,1233.36,533.88,1222.94,533.88,True,central_corridor
79,1.58,15,0.648,1363.31,616.46,1398.9,701.47,1381.11,701.47,True,central_corridor
79,1.58,18,0.5529,1413.75,605.11,1446.16,695.01,1429.95,695.01,True,central_corridor
79,1.58,23,0.4995,1003.08,670.89,1062.85,771.3,1032.96,771.3,True,left_half_forward
79,1.58,26,0.4354,847.81,469.72,866.75,515.01,857.28,515.01,False,outside
79,1.58,29,0.4969,1315.93,719.35,1370.06,837.12,1342.99,837.12,True,central_corridor
79,1.58,6,0.4195,1074.51,540.39,1098.52,604.86,1086.51,604.86,True,left_half_forward
79,1.58,31,0.3799,1003.81,672.29,1048.52,760.43,1026.16,760.43,True,left_half_forward
79,1.58,5,0.4041,1317.25,720.29,1388.64,844.04,1352.95,844.04,True,central_corridor
79,1.58,25,0.378,488.95,497.92,511.14,544.17,500.04,544.17,True,left_pocket
79,1.58,30,0.3538,1588.08,461.92,1607.32,501.84,1597.7,501.84,False,outside
80,1.6,2,0.7444,1481.91,846.74,1530.96,985.41,1506.44,985.41,False,outside
80,1.6,4,0.4825,102.7,589.71,146.54,653.6,124.62,653.6,True,left_pocket
80,1.6,7,0.5942,973.46,567.02,1011.72,632.53,992.59,632.53,True,left_half_forward
80,1.6,9,0.3593,219.11,492.3,245.43,553.89,232.27,553.89,False,outside
80,1.6,11,0.3681,161.42,531.44,186.46,590.93,173.94,590.93,True,left_pocket
80,1.6,17,0.4151,1212.45,478.64,1233.42,534.02,1222.93,534.02,True,central_corridor
80,1.6,15,0.6427,1363.34,616.58,1398.86,701.37,1381.1,701.37,True,central_corridor
80,1.6,18,0.5487,1413.76,605.08,1446.08,694.98,1429.92,694.98,True,central_corridor
80,1.6,23,0.4919,1003.2,670.96,1063.15,771.26,1033.17,771.26,True,left_half_forward
80,1.6,26,0.4272,847.83,469.7,866.75,514.98,857.29,514.98,False,outside
80,1.6,29,0.4948,1315.94,719.34,1369.75,836.83,1342.84,836.83,True,central_corridor
80,1.6,6,0.4076,1074.54,540.48,1098.58,604.75,1086.56,604.75,True,left_half_forward
80,1.6,31,0.377,1003.9,672.4,1047.91,759.98,1025.9,759.98,True,left_half_forward
80,1.6,5,0.4105,1317.27,720.28,1388.48,843.98,1352.87,843.98,True,central_corridor
80,1.6,25,0.3746,488.96,497.96,511.11,544.27,500.03,544.27,True,left_pocket
80,1.6,30,0.3553,1588.1,461.98,1607.31,501.82,1597.71,501.82,False,outside
81,1.62,2,0.7422,1481.99,846.73,1530.93,985.4,1506.46,985.4,False,outside
81,1.62,4,0.4826,102.74,589.72,146.54,653.74,124.64,653.74,True,left_pocket
81,1.62,7,0.5982,973.53,567.09,1011.7,632.47,992.61,632.47,True,left_half_forward
81,1.62,9,0.3592,219.18,492.28,245.43,553.92,232.31,553.92,False,outside
81,1.62,11,0.364,161.43,531.4,186.47,590.99,173.95,590.99,True,left_pocket
81,1.62,17,0.4089,1212.47,478.57,1233.41,534.01,1222.94,534.01,True,central_corridor
81,1.62,15,0.6443,1363.39,616.47,1398.79,701.33,1381.09,701.33,True,central_corridor
81,1.62,18,0.5495,1413.73,605.03,1446.06,694.88,1429.89,694.88,True,central_corridor
81,1.62,23,0.4943,1003.29,671.0,1063.23,771.34,1033.26,771.34,True,left_half_forward
81,1.62,26,0.4282,847.89,469.73,866.74,514.98,857.31,514.98,False,outside
81,1.62,29,0.4924,1315.9,719.37,1369.68,836.57,1342.79,836.57,True,central_corridor
81,1.62,6,0.4163,1074.64,540.46,1098.69,604.75,1086.67,604.75,True,left_half_forward
81,1.62,31,0.3835,1003.99,672.44,1047.48,760.01,1025.74,760.01,True,left_half_forward
81,1.62,5,0.4136,1317.24,720.22,1388.6,843.89,1352.92,843.89,True,central_corridor
81,1.62,25,0.3783,488.95,498.01,511.16,544.3,500.05,544.3,True,left_pocket
82,1.64,2,0.7405,1482.04,846.76,1530.94,985.41,1506.49,985.41,False,outside
82,1.64,4,0.4843,102.86,589.81,146.56,653.32,124.71,653.32,True,left_pocket
82,1.64,7,0.5957,973.5,567.09,1011.81,632.43,992.65,632.43,True,left_half_forward
82,1.64,9,0.3594,219.12,492.23,245.44,553.99,232.28,553.99,False,outside
82,1.64,11,0.3676,161.42,531.39,186.46,590.91,173.94,590.91,True,left_pocket
82,1.64,17,0.4127,1212.44,478.39,1233.33,534.02,1222.89,534.02,True,central_corridor
82,1.64,15,0.6481,1363.39,616.52,1398.86,701.3,1381.13,701.3,True,central_corridor
82,1.64,18,0.5493,1413.58,604.98,1446.07,694.83,1429.83,694.83,True,central_corridor
82,1.64,23,0.4972,1003.27,671.01,1063.28,771.45,1033.28,771.45,True,left_half_forward
82,1.64,26,0.4304,847.91,469.78,866.81,514.98,857.36,514.98,False,outside
82,1.64,29,0.4981,1315.91,719.33,1369.55,836.31,1342.73,836.31,True,central_corridor
82,1.64,6,0.4252,1074.63,540.43,1098.71,604.84,1086.67,604.84,True,left_half_forward
82,1.64,31,0.3761,1003.98,672.43,1047.57,760.12,1025.77,760.12,True,left_half_forward
82,1.64,5,0.4294,1316.38,719.76,1388.15,843.43,1352.26,843.43,True,central_corridor
82,1.64,25,0.3803,488.98,497.98,511.12,544.43,500.05,544.43,True,left_pocket
82,1.64,30,0.3525,1588.1,462.01,1607.27,501.8,1597.69,501.8,False,outside
83,1.66,2,0.7417,1482.11,846.74,1530.92,985.44,1506.51,985.44,False,outside
83,1.66,4,0.4885,102.89,589.85,146.63,653.08,124.76,653.08,True,left_pocket
83,1.66,7,0.6013,973.38,567.15,1011.83,632.43,992.6,632.43,True,left_half_forward
83,1.66,9,0.3645,219.13,492.32,245.37,554.06,232.25,554.06,False,outside
83,1.66,11,0.3769,161.5,531.27,186.45,590.85,173.97,590.85,True,left_pocket
83,1.66,17,0.4146,1212.48,478.31,1233.31,533.98,1222.89,533.98,True,central_corridor
83,1.66,15,0.6476,1363.4,616.5,1398.85,701.21,1381.13,701.21,True,central_corridor
83,1.66,18,0.5537,1413.57,604.98,1446.12,694.82,1429.84,694.82,True,central_corridor
83,1.66,23,0.4972,1003.2,670.91,1063.24,771.48,1033.22,771.48,True,left_half_forward
83,1.66,26,0.4365,847.93,469.68,866.89,515.02,857.41,515.02,False,outside
83,1.66,29,0.4984,1315.92,719.34,1369.47,836.19,1342.69,836.19,True,central_corridor
83,1.66,6,0.4296,1074.61,540.37,1098.7,604.89,1086.65,604.89,True,left_half_forward
83,1.66,31,0.378,1003.88,672.29,1047.7,760.11,1025.79,760.11,True,left_half_forward
83,1.66,5,0.4232,1316.04,719.59,1387.91,843.24,1351.98,843.24,True,central_corridor
83,1.66,25,0.3719,488.99,498.03,511.08,544.27,500.04,544.27,True,left_pocket
83,1.66,30,0.3573,1588.08,461.84,1607.28,501.86,1597.68,501.86,False,outside
84,1.68,2,0.7414,1482.13,846.94,1530.9,985.44,1506.51,985.44,False,outside
84,1.68,4,0.4863,102.66,589.85,146.64,653.56,124.65,653.56,True,left_pocket
84,1.68,7,0.6031,973.43,567.1,1011.87,632.46,992.65,632.46,True,left_half_forward
84,1.68,9,0.3693,219.1,492.22,245.48,554.14,232.29,554.14,False,outside
84,1.68,11,0.3759,161.47,531.23,186.49,590.87,173.98,590.87,True,left_pocket
84,1.68,17,0.414,1212.45,478.27,1233.19,533.97,1222.82,533.97,True,central_corridor
84,1.68,15,0.6508,1363.4,616.53,1398.82,701.16,1381.11,701.16,True,central_corridor
84,1.68,18,0.5593,1413.55,604.92,1446.17,694.79,1429.86,694.79,True,central_corridor
84,1.68,23,0.4986,1003.15,670.92,1063.29,771.52,1033.22,771.52,True,left_half_forward
84,1.68,26,0.4389,847.86,469.59,866.87,515.04,857.36,515.04,False,outside
84,1.68,29,0.5002,1315.89,719.31,1369.66,836.05,1342.78,836.05,True,central_corridor
84,1.68,6,0.4327,1074.61,540.52,1098.74,604.96,1086.68,604.96,True,left_half_forward
84,1.68,31,0.3757,1003.81,672.25,1047.62,759.97,1025.71,759.97,True,left_half_forward
84,1.68,5,0.4182,1316.81,719.93,1388.82,843.71,1352.81,843.71,True,central_corridor
84,1.68,25,0.3817,488.92,497.96,511.03,544.32,499.97,544.32,True,left_pocket
84,1.68,30,0.3569,1588.05,461.89,1607.26,501.78,1597.66,501.78,False,outside
85,1.7,2,0.7402,1482.12,846.98,1530.9,985.46,1506.51,985.46,False,outside
85,1.7,4,0.4896,102.54,589.8,146.74,653.97,124.64,653.97,True,left_pocket
85,1.7,7,0.6085,973.35,567.07,1011.88,632.48,992.62,632.48,True,left_half_forward
85,1.7,9,0.3717,219.11,492.08,245.58,554.2,232.35,554.2,False,outside
85,1.7,11,0.382,161.37,531.23,186.53,591.03,173.95,591.03,True,left_pocket
85,1.7,17,0.4141,1212.44,478.12,1233.15,533.8,1222.8,533.8,True,central_corridor
85,1.7,15,0.6587,1363.32,616.52,1398.79,701.18,1381.06,701.18,True,central_corridor
85,1.7,18,0.5649,1413.51,604.89,1446.19,694.84,1429.85,694.84,True,central_corridor
85,1.7,23,0.5006,1003.16,670.85,1063.64,771.62,1033.4,771.62,True,left_half_forward
85,1.7,26,0.4422,847.82,469.57,866.85,515.07,857.34,515.07,False,outside
85,1.7,29,0.5065,1315.88,719.41,1369.93,836.0,1342.91,836.0,True,central_corridor
85,1.7,6,0.4365,1074.56,540.51,1098.64,604.93,1086.6,604.93,True,left_half_forward
85,1.7,31,0.3724,1003.81,672.15,1047.83,760.02,1025.82,760.02,True,left_half_forward
85,1.7,5,0.4307,1317.08,720.25,1388.57,843.67,1352.82,843.67,True,central_corridor
85,1.7,25,0.3931,488.89,497.93,511.0,544.35,499.94,544.35,True,left_pocket
85,1.7,30,0.3744,1588.14,461.9,1607.27,501.86,1597.71,501.86,False,outside
86,1.72,2,0.7411,1482.05,846.99,1530.89,985.48,1506.47,985.48,False,outside
86,1.72,4,0.4878,102.67,589.82,146.78,654.1,124.72,654.1,True,left_pocket
86,1.72,7,0.601,973.4,567.08,1011.73,632.47,992.56,632.47,True,left_half_forward
86,1.72,9,0.3682,219.11,491.99,245.55,554.18,232.33,554.18,False,outside
86,1.72,11,0.3771,161.31,531.25,186.43,590.97,173.87,590.97,True,left_pocket
86,1.72,17,0.4083,1212.36,478.01,1233.16,533.69,1222.76,533.69,True,central_corridor
86,1.72,15,0.658,1363.31,616.51,1398.83,701.12,1381.07,701.12,True,central_corridor
86,1.72,18,0.5671,1413.5,604.93,1446.22,694.85,1429.86,694.85,True,central_corridor
86,1.72,23,0.4962,1003.24,670.78,1063.86,771.68,1033.55,771.68,True,left_half_forward
86,1.72,26,0.4458,847.84,469.55,866.78,515.08,857.31,515.08,False,outside
86,1.72,29,0.5056,1315.91,719.37,1369.88,836.13,1342.89,836.13,True,central_corridor
86,1.72,6,0.4306,1074.55,540.48,1098.61,604.78,1086.58,604.78,True,left_half_forward
86,1.72,31,0.3739,1003.86,672.08,1047.74,759.97,1025.8,759.97,True,left_half_forward
86,1.72,5,0.4226,1317.26,720.25,1388.29,843.77,1352.78,843.77,True,central_corridor
86,1.72,25,0.3899,488.9,497.94,511.05,544.34,499.97,544.34,True,left_pocket
86,1.72,30,0.3737,1588.13,461.91,1607.25,501.83,1597.69,501.83,False,outside
87,1.74,2,0.7396,1482.03,846.96,1530.87,985.53,1506.45,985.53,False,outside
87,1.74,4,0.4928,102.63,589.73,146.77,654.48,124.7,654.48,True,left_pocket
87,1.74,7,0.598,973.35,567.07,1011.72,632.49,992.53,632.49,True,left_half_forward
87,1.74,9,0.3655,219.1,491.88,245.57,554.11,232.33,554.11,False,outside
87,1.74,11,0.3803,161.27,531.28,186.43,590.88,173.85,590.88,True,left_pocket
87,1.74,17,0.4152,1212.37,478.14,1233.13,533.7,1222.75,533.7,True,central_corridor
87,1.74,15,0.6574,1363.3,616.5,1398.85,701.13,1381.08,701.13,True,central_corridor
87,1.74,18,0.5651,1413.48,604.91,1446.25,694.83,1429.87,694.83,True,central_corridor
87,1.74,23,0.4975,1003.25,670.72,1064.0,771.69,1033.63,771.69,True,left_half_forward
87,1.74,26,0.4431,847.84,469.5,866.81,515.11,857.33,515.11,False,outside
87,1.74,29,0.5026,1315.94,719.35,1369.99,836.29,1342.96,836.29,True,central_corridor
87,1.74,6,0.4284,1074.53,540.52,1098.72,604.9,1086.62,604.9,True,left_half_forward
87,1.74,31,0.3754,1003.82,672.04,1047.8,760.0,1025.81,760.0,True,left_half_forward
87,1.74,5,0.4284,1317.33,720.25,1388.05,843.84,1352.69,843.84,True,central_corridor
87,1.74,25,0.3908,488.91,497.87,511.14,544.34,500.03,544.34,True,left_pocket
87,1.74,30,0.3774,1588.1,461.87,1607.26,501.84,1597.68,501.84,False,outside
88,1.76,2,0.7392,1482.03,847.03,1530.86,985.55,1506.44,985.55,False,outside
88,1.76,4,0.4923,102.57,589.66,146.74,654.73,124.66,654.73,True,left_pocket
88,1.76,7,0.5906,973.35,567.03,1011.78,632.49,992.56,632.49,True,left_half_forward
88,1.76,9,0.3687,219.08,491.84,245.55,554.13,232.31,554.13,False,outside
88,1.76,11,0.3784,161.26,531.27,186.41,590.79,173.84,590.79,True,left_pocket
88,1.76,17,0.4104,1212.34,478.1,1233.12,533.7,1222.73,533.7,True,central_corridor
88,1.76,15,0.65,1363.27,616.68,1398.82,701.13,1381.05,701.13,True,central_corridor
88,1.76,18,0.5626,1413.56,604.86,1446.24,694.75,1429.9,694.75,True,central_corridor
88,1.76,23,0.4957,1003.27,670.8,1063.99,771.91,1033.63,771.91,True,left_half_forward
88,1.76,26,0.4293,847.85,469.57,866.84,515.03,857.35,515.03,False,outside
88,1.76,29,0.5055,1315.97,719.33,1369.97,836.01,1342.97,836.01,True,central_corridor
88,1.76,6,0.4284,1074.5,540.58,1098.69,604.99,1086.6,604.99,True,left_half_forward
88,1.76,31,0.3713,1003.8,672.11,1047.7,760.3,1025.75,760.3,True,left_half_forward
88,1.76,5,0.428,1317.46,720.29,1388.02,843.92,1352.74,843.92,True,central_corridor
88,1.76,25,0.3829,488.91,497.92,511.08,544.33,500.0,544.33,True,left_pocket
88,1.76,30,0.3751,1588.1,461.83,1607.27,501.8,1597.68,501.8,False,outside
89,1.78,2,0.7372,1482.0,847.03,1530.88,985.58,1506.44,985.58,False,outside
89,1.78,4,0.4907,102.56,589.59,146.65,654.95,124.6,654.95,True,left_pocket
89,1.78,7,0.59,973.33,567.07,1011.75,632.53,992.54,632.53,True,left_half_forward
89,1.78,9,0.3663,219.07,491.77,245.53,554.07,232.3,554.07,False,outside
89,1.78,11,0.3807,161.24,531.26,186.37,590.98,173.8,590.98,True,left_pocket
89,1.78,17,0.4095,1212.33,478.1,1233.08,533.73,1222.7,533.73,True,central_corridor
89,1.78,15,0.6508,1363.25,616.77,1398.85,701.08,1381.05,701.08,True,central_corridor
89,1.78,18,0.5596,1413.6,604.82,1446.2,694.7,1429.9,694.7,True,central_corridor
89,1.78,23,0.4964,1003.32,670.84,1064.03,772.0,1033.68,772.0,True,left_half_forward
89,1.78,26,0.4321,847.86,469.59,866.92,515.0,857.39,515.0,False,outside
89,1.78,29,0.5065,1315.93,719.32,1370.06,836.08,1342.99,836.08,True,central_corridor
89,1.78,6,0.4242,1074.44,540.62,1098.59,604.87,1086.52,604.87,True,left_half_forward
89,1.78,31,0.3722,1003.81,672.16,1047.77,760.54,1025.79,760.54,True,left_half_forward
89,1.78,5,0.4291,1317.41,720.26,1388.24,844.02,1352.83,844.02,True,central_corridor
89,1.78,25,0.3846,488.89,497.91,511.1,544.33,499.99,544.33,True,left_pocket
89,1.78,30,0.372,1587.89,461.78,1607.29,501.79,1597.59,501.79,False,outside
90,1.8,2,0.7321,1481.75,846.82,1530.76,985.64,1506.25,985.64,False,outside
90,1.8,4,0.462,103.05,591.4,148.33,654.21,125.69,654.21,True,left_pocket
90,1.8,7,0.4936,971.94,567.46,1011.25,631.63,991.59,631.63,True,left_half_forward
90,1.8,11,0.5106,163.03,532.47,188.57,591.21,175.8,591.21,True,left_pocket
90,1.8,17,0.4206,1213.26,478.27,1234.16,532.43,1223.71,532.43,True,central_corridor
90,1.8,15,0.5982,1363.59,618.03,1399.84,701.79,1381.72,701.79,True,central_corridor
90,1.8,18,0.5824,1415.18,604.05,1447.27,695.66,1431.22,695.66,True,central_corridor
90,1.8,23,0.3882,996.86,673.42,1060.84,771.93,1028.85,771.93,True,left_half_forward
90,1.8,26,0.3628,847.87,473.27,867.55,515.41,857.71,515.41,False,outside
90,1.8,29,0.5475,1313.32,719.27,1367.17,835.24,1340.25,835.24,True,central_corridor
90,1.8,6,0.4031,1074.48,540.52,1099.88,606.33,1087.18,606.33,True,left_half_forward
90,1.8,31,0.5056,998.29,676.31,1045.28,764.05,1021.78,764.05,True,left_half_forward
90,1.8,30,0.375,1587.76,460.99,1608.87,501.77,1598.31,501.77,False,outside
91,1.82,2,0.7314,1481.96,846.86,1529.92,985.62,1505.94,985.62,False,outside
91,1.82,4,0.4971,102.37,593.37,150.44,654.6,126.4,654.6,True,left_pocket
91,1.82,7,0.4968,970.42,567.88,1010.87,631.41,990.65,631.41,True,left_half_forward
91,1.82,11,0.4999,164.1,534.66,189.63,591.87,176.87,591.87,True,left_pocket
91,1.82,17,0.3986,1213.92,479.89,1233.97,532.76,1223.95,532.76,True,central_corridor
91,1.82,15,0.6448,1363.0,620.23,1401.9,702.46,1382.45,702.46,True,central_corridor
91,1.82,18,0.6,1415.82,602.55,1448.25,695.43,1432.04,695.43,True,central_corridor
91,1.82,23,0.5575,985.75,673.41,1055.54,768.1,1020.64,768.1,True,left_half_forward
91,1.82,29,0.5203,1308.45,719.14,1360.83,835.11,1334.64,835.11,True,central_corridor
91,1.82,6,0.4633,1074.31,539.7,1101.69,606.86,1088.0,606.86,True,left_half_forward
91,1.82,9,0.3696,219.0,490.92,244.83,551.72,231.92,551.72,False,outside
92,1.84,2,0.7344,1482.19,846.6,1529.5,985.62,1505.85,985.62,False,outside
92,1.84,4,0.4747,102.21,594.64,153.4,651.89,127.8,651.89,True,left_pocket
92,1.84,7,0.5112,969.02,568.33,1008.56,631.27,988.79,631.27,True,left_half_forward
92,1.84,11,0.4958,167.59,538.57,190.93,591.83,179.26,591.83,True,left_pocket
92,1.84,15,0.528,1362.41,620.3,1404.51,703.38,1383.46,703.38,True,central_corridor
92,1.84,18,0.5735,1417.74,602.55,1449.26,695.24,1433.5,695.24,True,central_corridor
92,1.84,23,0.3934,972.36,672.55,1043.66,764.42,1008.01,764.42,True,left_half_forward
92,1.84,29,0.5663,1305.95,717.89,1356.64,832.57,1331.29,832.57,True,central_corridor
92,1.84,6,0.4831,1075.08,540.23,1102.63,606.33,1088.85,606.33,True,left_half_forward
93,1.86,2,0.7215,1482.61,847.09,1528.57,985.53,1505.59,985.53,False,outside
93,1.86,7,0.5188,965.26,567.91,998.56,629.66,981.91,629.66,True,left_half_forward
93,1.86,11,0.5041,173.08,543.27,197.86,592.45,185.47,592.45,True,left_pocket
93,1.86,15,0.6541,1371.77,616.94,1410.28,702.64,1391.03,702.64,True,central_corridor
93,1.86,18,0.467,1419.36,608.52,1454.18,700.26,1436.77,700.26,True,central_corridor
93,1.86,29,0.6535,1293.7,717.59,1348.99,840.93,1321.35,840.93,True,central_corridor
93,1.86,6,0.5176,1078.89,540.23,1106.66,606.27,1092.77,606.27,True,left_half_forward
93,1.86,17,0.3527,1216.34,482.72,1239.73,536.92,1228.03,536.92,True,central_corridor
94,1.88,2,0.7188,1481.61,847.5,1529.17,982.71,1505.39,982.71,False,outside
94,1.88,18,0.5443,1426.88,614.31,1459.76,705.35,1443.32,705.35,True,central_corridor
94,1.88,29,0.6797,1284.45,720.32,1332.76,851.16,1308.6,851.16,True,central_corridor
95,1.9,2,0.7133,1478.3,847.62,1528.94,980.54,1503.62,980.54,False,outside
95,1.9,18,0.4948,1430.67,617.34,1462.73,708.89,1446.7,708.89,True,central_corridor
95,1.9,29,0.6933,1279.19,723.1,1324.08,854.66,1301.64,854.66,True,central_corridor
95,1.9,35,0.6467,873.59,658.91,927.11,756.94,900.35,756.94,True,left_half_forward
95,1.9,36,0.6008,171.07,598.64,196.97,656.2,184.02,656.2,True,left_pocket
95,1.9,37,0.5235,943.29,570.09,973.03,637.53,958.16,637.53,True,left_half_forward
95,1.9,39,0.4014,1401.03,623.52,1430.09,709.71,1415.56,709.71,True,central_corridor
95,1.9,41,0.5027,1091.78,543.94,1118.32,608.73,1105.05,608.73,True,left_half_forward
95,1.9,17,0.4222,1221.69,482.69,1247.16,537.64,1234.42,537.64,True,central_corridor
96,1.92,2,0.7071,1474.89,846.8,1528.63,979.06,1501.76,979.06,False,outside
96,1.92,18,0.4416,1434.57,617.47,1463.72,708.91,1449.15,708.91,True,central_corridor
96,1.92,29,0.7042,1274.94,723.49,1318.79,856.95,1296.87,856.95,True,central_corridor
96,1.92,35,0.5763,852.15,662.95,914.99,750.93,883.57,750.93,True,left_half_forward
96,1.92,36,0.4266,176.92,600.42,203.82,656.49,190.37,656.49,True,left_pocket
96,1.92,37,0.6286,940.82,569.68,967.05,639.72,953.93,639.72,True,left_half_forward
96,1.92,39,0.513,1403.67,623.89,1436.05,711.58,1419.86,711.58,True,central_corridor
96,1.92,41,0.5304,1095.0,543.69,1119.1,609.52,1107.05,609.52,True,left_half_forward
96,1.92,43,0.4476,747.03,510.99,768.9,567.41,757.96,567.41,True,left_half_forward
96,1.92,17,0.4915,1222.09,482.93,1251.39,539.67,1236.74,539.67,True,central_corridor
97,1.94,2,0.7032,1473.68,846.71,1528.58,978.6,1501.13,978.6,False,outside
97,1.94,18,0.4386,1435.79,617.34,1463.87,708.73,1449.83,708.73,True,central_corridor
97,1.94,29,0.7001,1273.51,723.6,1317.22,857.81,1295.36,857.81,True,central_corridor
97,1.94,35,0.5883,843.89,664.34,910.7,748.9,877.3,748.9,True,left_half_forward
97,1.94,36,0.4314,178.38,601.07,206.01,657.06,192.19,657.06,True,left_pocket
97,1.94,37,0.6193,940.22,569.61,964.82,640.19,952.52,640.19,True,left_half_forward
97,1.94,39,0.5073,1404.78,624.7,1437.58,711.89,1421.18,711.89,True,central_corridor
97,1.94,41,0.5172,1096.0,543.67,1119.28,609.56,1107.64,609.56,True,left_half_forward
97,1.94,43,0.4292,747.21,510.88,769.02,567.15,758.11,567.15,True,left_half_forward
97,1.94,17,0.4624,1221.84,483.04,1253.01,539.99,1237.43,539.99,True,central_corridor
97,1.94,45,0.5024,210.24,497.36,241.5,596.48,225.87,596.48,True,left_pocket
97,1.94,46,0.4138,577.35,427.53,601.4,509.42,589.37,509.42,False,outside
97,1.94,47,0.44,211.31,539.1,241.11,596.66,226.21,596.66,True,left_pocket
98,1.96,2,0.7322,1470.56,847.3,1528.24,977.31,1499.4,977.31,False,outside
98,1.96,18,0.4459,1438.65,618.8,1465.74,710.88,1452.19,710.88,True,central_corridor
98,1.96,29,0.6597,1272.28,723.14,1316.77,858.7,1294.52,858.7,True,central_corridor
98,1.96,35,0.5845,834.2,664.95,902.06,748.84,868.13,748.84,True,left_half_forward
98,1.96,36,0.5474,183.27,601.96,209.24,655.28,196.25,655.28,True,left_pocket
98,1.96,37,0.6204,938.96,569.18,963.52,640.49,951.24,640.49,True,left_half_forward
98,1.96,39,0.5688,1408.49,625.07,1437.62,714.21,1423.05,714.21,True,central_corridor
98,1.96,41,0.5422,1096.87,543.75,1119.64,611.01,1108.26,611.01,True,left_half_forward
98,1.96,43,0.4408,748.11,510.84,770.21,566.33,759.16,566.33,True,left_half_forward
98,1.96,45,0.511,215.02,507.16,241.84,595.35,228.43,595.35,True,left_pocket
98,1.96,47,0.4665,215.33,539.72,241.88,594.99,228.61,594.99,True,left_pocket
99,1.98,2,0.7062,1468.83,847.6,1527.47,977.51,1498.15,977.51,False,outside
99,1.98,18,0.5679,1439.94,619.29,1467.51,713.46,1453.73,713.46,True,central_corridor
99,1.98,29,0.669,1269.62,724.0,1315.57,858.71,1292.59,858.71,True,central_corridor
99,1.98,35,0.5404,828.38,664.24,877.64,747.61,853.01,747.61,True,left_half_forward
99,1.98,36,0.6331,186.59,601.41,216.51,655.75,201.55,655.75,True,left_pocket
99,1.98,37,0.6223,935.94,569.42,963.29,641.98,949.62,641.98,True,left_half_forward
99,1.98,39,0.5721,1410.77,628.74,1438.43,715.51,1424.6,715.51,True,central_corridor
99,1.98,41,0.5085,1097.75,543.92,1119.89,611.88,1108.82,611.88,True,left_half_forward
99,1.98,43,0.379,749.77,510.87,770.86,566.68,760.32,566.68,True,left_half_forward
99,1.98,45,0.5125,219.48,500.61,245.18,597.57,232.33,597.57,True,left_pocket
99,1.98,47,0.3896,219.86,543.0,244.99,596.32,232.42,596.32,True,left_pocket
99,1.98,48,0.3948,502.77,498.71,529.49,552.62,516.13,552.62,True,left_pocket
100,2.0,2,0.7055,1468.32,847.52,1527.09,977.3,1497.71,977.3,False,outside
100,2.0,18,0.5704,1440.31,619.48,1468.24,714.39,1454.28,714.39,True,central_corridor
100,2.0,29,0.6706,1268.74,724.46,1315.21,858.59,1291.97,858.59,True,central_corridor
100,2.0,35,0.538,827.54,664.02,868.6,747.23,848.07,747.23,True,left_half_forward
100,2.0,36,0.6372,187.65,601.0,218.89,656.16,203.27,656.16,True,left_pocket
100,2.0,37,0.635,934.99,569.51,963.06,642.3,949.02,642.3,True,left_half_forward
100,2.0,39,0.573,1411.36,630.17,1438.48,716.05,1424.92,716.05,True,central_corridor
100,2.0,41,0.5091,1097.74,544.06,1119.99,612.31,1108.87,612.31,True,left_half_forward
100,2.0,43,0.3737,750.37,510.74,770.95,566.53,760.66,566.53,True,left_half_forward
100,2.0,45,0.5211,220.46,498.72,246.0,598.11,233.23,598.11,True,left_pocket
100,2.0,47,0.3899,220.84,543.63,245.63,596.67,233.24,596.67,True,left_pocket
100,2.0,48,0.3867,503.01,498.47,529.41,552.59,516.21,552.59,True,left_pocket
100,2.0,49,0.3651,868.29,474.25,886.27,515.78,877.28,515.78,False,outside
101,2.02,2,0.7037,1468.05,847.61,1526.9,977.07,1497.47,977.07,False,outside
101,2.02,18,0.5685,1440.28,619.52,1468.49,714.68,1454.38,714.68,True,central_corridor
101,2.02,29,0.6669,1268.48,724.76,1315.08,858.42,1291.78,858.42,True,central_corridor
101,2.02,35,0.5209,827.62,663.86,866.46,747.27,847.04,747.27,True,left_half_forward
101,2.02,36,0.6348,187.92,600.95,219.38,656.17,203.65,656.17,True,left_pocket
101,2.02,37,0.6253,934.63,569.3,962.82,642.28,948.72,642.28,True,left_half_forward
101,2.02,39,0.5694,1411.5,630.63,1438.25,716.19,1424.88,716.19,True,central_corridor
101,2.02,41,0.5024,1097.71,544.03,1119.97,612.13,1108.84,612.13,True,left_half_forward
101,2.02,43,0.3732,750.61,510.51,771.08,566.53,760.84,566.53,True,left_half_forward
101,2.02,45,0.5214,220.61,497.81,246.08,598.2,233.35,598.2,True,left_pocket
101,2.02,47,0.389,221.07,544.3,245.68,596.62,233.37,596.62,True,left_pocket
101,2.02,48,0.3936,503.02,498.31,529.32,552.61,516.17,552.61,True,left_pocket
101,2.02,49,0.359,868.49,474.32,886.46,516.14,877.47,516.14,False,outside
102,2.04,2,0.7063,1466.96,846.91,1526.09,977.14,1496.52,977.14,False,outside
102,2.04,18,0.5203,1437.95,620.77,1468.01,715.48,1452.98,715.48,True,central_corridor
102,2.04,29,0.6068,1265.67,727.77,1312.76,858.74,1289.22,858.74,True,central_corridor
102,2.04,35,0.5457,821.72,665.2,865.98,746.11,843.85,746.11,True,left_half_forward
102,2.04,36,0.6223,189.71,601.05,222.17,657.1,205.94,657.1,True,left_pocket
102,2.04,37,0.6565,933.09,570.61,963.44,642.78,948.26,642.78,True,left_half_forward
102,2.04,39,0.5767,1412.97,630.68,1439.04,716.76,1426.01,716.76,True,central_corridor
102,2.04,41,0.5015,1098.53,543.82,1120.37,610.88,1109.45,610.88,True,left_half_forward
102,2.04,43,0.4372,750.35,510.75,772.42,565.63,761.38,565.63,True,left_half_forward
102,2.04,45,0.5526,222.69,499.61,249.7,599.25,236.19,599.25,True,left_pocket
102,2.04,48,0.3777,504.08,497.63,531.67,552.13,517.87,552.13,True,left_pocket
103,2.06,2,0.7058,1466.82,846.57,1525.69,976.77,1496.25,976.77,False,outside
103,2.06,18,0.536,1436.95,621.02,1467.83,715.66,1452.39,715.66,True,central_corridor
103,2.06,29,0.6003,1264.71,728.93,1311.89,858.67,1288.3,858.67,True,central_corridor
103,2.06,35,0.5442,819.66,665.64,866.06,745.57,842.86,745.57,True,left_half_forward
103,2.06,36,0.6309,190.15,600.8,223.07,658.27,206.61,658.27,True,left_pocket
103,2.06,37,0.66,932.39,571.2,963.74,643.06,948.06,643.06,True,left_half_forward
103,2.06,39,0.5715,1413.61,630.77,1439.13,716.83,1426.37,716.83,True,central_corridor
103,2.06,41,0.5037,1098.72,543.67,1120.42,610.38,1109.57,610.38,True,left_half_forward
103,2.06,43,0.4414,750.25,511.06,772.92,565.45,761.58,565.45,True,left_half_forward
103,2.06,45,0.5541,223.12,500.14,250.8,599.59,236.96,599.59,True,left_pocket
103,2.06,48,0.3697,504.25,497.49,532.22,552.21,518.24,552.21,True,left_pocket
104,2.08,2,0.7328,1466.35,846.7,1525.37,976.58,1495.86,976.58,False,outside
104,2.08,18,0.5299,1439.99,623.32,1470.8,716.17,1455.39,716.17,True,central_corridor
104,2.08,29,0.6117,1263.91,728.89,1310.88,858.76,1287.39,858.76,True,central_corridor
104,2.08,35,0.53,817.0,663.77,861.32,746.93,839.16,746.93,True,left_half_forward
104,2.08,36,0.6431,192.37,600.97,224.06,661.4,208.22,661.4,True,left_pocket
104,2.08,37,0.6467,931.31,573.52,961.46,643.02,946.39,643.02,True,left_half_forward
104,2.08,39,0.5773,1413.79,631.3,1439.39,716.97,1426.59,716.97,True,central_corridor
104,2.08,41,0.4682,1100.02,543.92,1121.31,608.3,1110.66,608.3,True,left_half_forward
104,2.08,43,0.4644,750.81,509.87,773.82,565.36,762.32,565.36,True,left_half_forward
104,2.08,45,0.4031,223.86,499.37,251.29,600.34,237.57,600.34,True,left_pocket
104,2.08,49,0.3997,870.92,474.64,888.35,519.0,879.63,519.0,False,outside
105,2.1,2,0.7454,1467.34,847.99,1525.64,976.44,1496.49,976.44,False,outside
105,2.1,18,0.511,1439.36,624.24,1472.64,716.44,1456.0,716.44,True,central_corridor
105,2.1,29,0.6215,1264.85,730.0,1310.04,859.25,1287.45,859.25,True,central_corridor
105,2.1,35,0.6225,809.3,661.37,848.47,749.87,828.88,749.87,True,left_half_forward
105,2.1,36,0.6495,196.09,601.81,225.5,663.43,210.8,663.43,True,left_pocket
105,2.1,37,0.5711,929.25,574.01,955.97,643.71,942.61,643.71,True,left_half_forward
105,2.1,39,0.5648,1414.58,631.16,1442.17,716.6,1428.38,716.6,True,central_corridor
105,2.1,41,0.4611,1100.9,544.29,1122.24,608.93,1111.57,608.93,True,left_half_forward
105,2.1,43,0.3648,752.82,510.47,775.41,566.65,764.12,566.65,True,left_half_forward
105,2.1,50,0.3762,483.51,438.4,506.89,492.47,495.2,492.47,False,outside
105,2.1,49,0.4652,871.05,474.54,888.59,519.02,879.82,519.02,False,outside
105,2.1,48,0.3909,507.11,497.68,534.0,552.39,520.56,552.39,True,left_pocket
106,2.12,2,0.7433,1467.52,848.34,1525.91,976.41,1496.72,976.41,False,outside
106,2.12,18,0.503,1438.98,624.14,1473.21,716.45,1456.09,716.45,True,central_corridor
106,2.12,29,0.63,1265.16,730.3,1309.75,859.37,1287.46,859.37,True,central_corridor
106,2.12,35,0.6185,806.73,660.43,844.43,751.17,825.58,751.17,True,left_half_forward
106,2.12,36,0.6423,197.1,601.91,225.96,664.25,211.53,664.25,True,left_pocket
106,2.12,37,0.5729,928.61,574.09,953.76,643.74,941.19,643.74,True,left_half_forward
106,2.12,39,0.5483,1415.1,631.13,1443.27,716.3,1429.18,716.3,True,central_corridor
106,2.12,41,0.4626,1101.09,544.42,1122.46,609.26,1111.77,609.26,True,left_half_forward
106,2.12,43,0.3792,753.57,510.55,775.86,567.54,764.72,567.54,True,left_half_forward
106,2.12,50,0.3673,483.24,438.42,507.11,492.74,495.18,492.74,False,outside
106,2.12,49,0.4654,871.07,474.41,888.69,519.05,879.88,519.05,False,outside
106,2.12,51,0.3864,1446.31,626.14,1477.7,718.38,1462.0,718.38,True,central_corridor
106,2.12,48,0.3851,507.73,497.94,534.63,552.57,521.18,552.57,True,left_pocket
107,2.14,2,0.7282,1466.96,848.54,1522.92,976.38,1494.94,976.38,False,outside
107,2.14,18,0.5,1441.5,626.76,1474.09,717.23,1457.79,717.23,True,central_corridor
107,2.14,29,0.7046,1265.73,728.75,1308.9,859.91,1287.32,859.91,True,central_corridor
107,2.14,35,0.5269,799.68,660.42,844.86,753.11,822.27,753.11,True,left_half_forward
107,2.14,36,0.4186,200.7,602.37,226.71,664.05,213.7,664.05,True,left_pocket
107,2.14,37,0.5275,926.04,573.6,952.46,645.15,939.25,645.15,True,left_half_forward
107,2.14,39,0.5735,1416.38,632.44,1442.88,717.24,1429.63,717.24,True,central_corridor
107,2.14,41,0.5175,1101.77,546.26,1123.36,610.24,1112.56,610.24,True,left_half_forward
107,2.14,50,0.3632,483.29,438.08,507.25,492.85,495.27,492.85,False,outside
107,2.14,49,0.4123,871.11,474.92,889.38,518.98,880.24,518.98,False,outside
108,2.16,2,0.7276,1467.11,848.07,1520.45,975.5,1493.78,975.5,False,outside
108,2.16,18,0.4963,1442.69,627.86,1474.33,717.31,1458.51,717.31,True,central_corridor
108,2.16,29,0.7063,1266.04,728.39,1308.65,860.13,1287.35,860.13,True,central_corridor
108,2.16,35,0.533,797.16,660.19,844.8,753.88,820.98,753.88,True,left_half_forward
108,2.16,36,0.44,201.84,602.22,226.89,664.37,214.36,664.37,True,left_pocket
108,2.16,37,0.536,925.03,573.31,952.03,645.6,938.53,645.6,True,left_half_forward
108,2.16,39,0.5734,1416.7,633.08,1442.7,717.38,1429.7,717.38,True,central_corridor
108,2.16,41,0.5234,1101.96,546.92,1123.61,610.48,1112.78,610.48,True,left_half_forward
108,2.16,50,0.3712,483.15,437.97,507.27,493.11,495.21,493.11,False,outside
108,2.16,49,0.4109,871.13,475.04,889.66,519.05,880.4,519.05,False,outside
109,2.18,2,0.7118,1466.36,848.65,1517.52,974.24,1491.94,974.24,False,outside
109,2.18,18,0.4679,1441.41,625.33,1475.01,717.07,1458.21,717.07,True,central_corridor
109,2.18,29,0.7399,1265.19,728.47,1307.56,860.39,1286.37,860.39,True,central_corridor
109,2.18,35,0.567,790.79,660.29,836.86,752.87,813.82,752.87,True,left_half_forward
109,2.18,36,0.3923,201.81,603.99,229.84,665.38,215.82,665.38,True,left_pocket
109,2.18,37,0.5363,922.98,573.97,950.05,644.27,936.51,644.27,True,left_half_forward
109,2.18,39,0.5643,1418.5,631.6,1445.25,717.81,1431.88,717.81,True,central_corridor
109,2.18,41,0.5292,1101.95,547.38,1123.92,610.61,1112.94,610.61,True,left_half_forward
109,2.18,50,0.4185,482.4,437.73,507.86,493.58,495.13,493.58,False,outside
109,2.18,49,0.392,871.37,475.42,890.52,520.47,880.94,520.47,False,outside
110,2.2,2,0.7097,1465.88,848.63,1516.49,973.7,1491.19,973.7,False,outside
110,2.2,18,0.465,1441.05,624.49,1475.16,716.91,1458.11,716.91,True,central_corridor
110,2.2,29,0.7368,1264.82,728.32,1306.94,860.4,1285.88,860.4,True,central_corridor
110,2.2,35,0.5458,788.42,660.3,833.64,752.94,811.03,752.94,True,left_half_forward
110,2.2,36,0.3918,201.75,604.53,230.78,665.65,216.27,665.65,True,left_pocket
110,2.2,37,0.5463,922.37,574.21,949.4,643.48,935.88,643.48,True,left_half_forward
110,2.2,39,0.5773,1419.0,630.99,1446.3,718.04,1432.65,718.04,True,central_corridor
110,2.2,41,0.5294,1101.86,547.07,1124.1,610.67,1112.98,610.67,True,left_half_forward
110,2.2,50,0.4173,482.11,437.63,508.09,493.68,495.1,493.68,False,outside
110,2.2,49,0.4053,871.4,475.55,890.77,520.95,881.09,520.95,True,outside
111,2.22,2,0.7093,1465.63,848.6,1516.19,973.55,1490.91,973.55,False,outside
111,2.22,18,0.4716,1440.84,623.79,1475.2,716.91,1458.02,716.91,True,central_corridor
111,2.22,29,0.7373,1264.67,728.07,1306.76,860.41,1285.72,860.41,True,central_corridor
111,2.22,35,0.5432,787.72,660.47,832.48,753.19,810.1,753.19,True,left_half_forward
111,2.22,36,0.4013,201.68,604.62,230.93,666.2,216.31,666.2,True,left_pocket
111,2.22,37,0.5518,922.31,573.92,949.27,642.66,935.79,642.66,True,left_half_forward
111,2.22,39,0.5808,1419.16,630.75,1446.8,718.24,1432.98,718.24,True,central_corridor
111,2.22,41,0.5312,1101.79,546.63,1124.4,610.67,1113.1,610.67,True,left_half_forward
111,2.22,50,0.4193,481.98,437.54,508.33,493.34,495.16,493.34,False,outside
111,2.22,49,0.4087,871.48,475.5,890.95,521.17,881.22,521.17,True,outside
112,2.24,2,0.6762,1465.57,848.81,1515.39,973.62,1490.48,973.62,False,outside
112,2.24,29,0.7368,1263.39,728.54,1306.61,860.0,1285.0,860.0,True,central_corridor
112,2.24,35,0.6147,776.98,659.31,829.46,750.51,803.22,750.51,True,left_half_forward
112,2.24,36,0.45,203.26,602.62,234.98,667.87,219.12,667.87,True,left_pocket
112,2.24,37,0.5373,921.68,573.18,947.47,643.84,934.58,643.84,True,left_half_forward
112,2.24,39,0.5957,1419.69,630.64,1446.95,718.12,1433.32,718.12,True,central_corridor
112,2.24,41,0.5261,1102.19,545.93,1124.54,611.6,1113.37,611.6,True,left_half_forward
112,2.24,50,0.3638,483.42,438.18,508.38,491.63,495.9,491.63,False,outside
112,2.24,49,0.4085,871.97,474.39,891.06,521.44,881.52,521.44,True,outside
112,2.24,47,0.555,235.71,553.11,265.66,610.19,250.68,610.19,True,left_pocket
112,2.24,51,0.4187,1446.78,624.55,1482.32,718.77,1464.55,718.77,True,central_corridor
113,2.26,2,0.6152,1465.35,848.59,1515.37,972.76,1490.36,972.76,False,outside
113,2.26,29,0.7492,1261.62,729.57,1304.68,860.19,1283.15,860.19,True,central_corridor
113,2.26,35,0.7713,763.08,660.01,827.09,751.58,795.09,751.58,True,left_half_forward
113,2.26,36,0.4856,206.54,602.45,236.4,665.28,221.47,665.28,True,left_pocket
113,2.26,37,0.6278,920.12,573.23,946.36,646.52,933.24,646.52,True,left_half_forward
113,2.26,39,0.6242,1420.38,630.72,1448.42,717.89,1434.4,717.89,True,central_corridor
113,2.26,41,0.5248,1102.84,546.74,1124.8,611.84,1113.82,611.84,True,left_half_forward
113,2.26,47,0.607,239.31,555.75,268.32,615.13,253.82,615.13,True,left_pocket
113,2.26,51,0.5135,1447.96,624.97,1482.39,721.04,1465.17,721.04,True,central_corridor
114,2.28,2,0.6211,1465.26,848.56,1515.43,972.49,1490.34,972.49,False,outside
114,2.28,29,0.7447,1260.7,730.23,1303.95,860.25,1282.33,860.25,True,central_corridor
114,2.28,35,0.7656,757.6,660.09,826.33,751.73,791.97,751.73,True,left_half_forward
114,2.28,36,0.4659,207.78,602.46,236.72,664.16,222.25,664.16,True,left_pocket
114,2.28,37,0.6123,919.61,573.11,945.96,647.08,932.78,647.08,True,left_half_forward
114,2.28,39,0.6215,1420.6,630.85,1449.09,717.8,1434.85,717.8,True,central_corridor
114,2.28,41,0.5168,1103.04,546.94,1124.71,611.88,1113.87,611.88,True,left_half_forward
114,2.28,47,0.6139,240.95,556.79,269.45,617.16,255.2,617.16,True,left_pocket
114,2.28,51,0.5173,1448.45,625.12,1482.39,721.73,1465.42,721.73,True,central_corridor
115,2.3,2,0.6194,1464.6,847.65,1514.83,972.18,1489.72,972.18,False,outside
115,2.3,29,0.7459,1259.11,729.51,1303.0,861.1,1281.05,861.1,True,central_corridor
115,2.3,35,0.6937,750.24,659.73,813.18,749.07,781.71,749.07,True,left_half_forward
115,2.3,36,0.4717,208.71,603.03,236.48,662.95,222.6,662.95,True,left_pocket
115,2.3,37,0.695,917.08,573.79,944.92,648.54,931.0,648.54,True,left_half_forward
115,2.3,39,0.5215,1421.32,632.03,1450.76,718.08,1436.04,718.08,True,central_corridor
115,2.3,41,0.5235,1102.89,547.13,1124.58,611.58,1113.74,611.58,True,left_half_forward
115,2.3,47,0.6057,243.35,557.89,270.79,618.49,257.07,618.49,True,left_pocket
115,2.3,51,0.5083,1448.75,625.24,1483.15,721.99,1465.95,721.99,True,central_corridor
116,2.32,2,0.6274,1464.41,847.39,1514.75,972.1,1489.58,972.1,False,outside
116,2.32,29,0.7416,1258.44,729.08,1302.68,861.44,1280.56,861.44,True,central_corridor
116,2.32,35,0.6813,747.43,659.81,806.53,748.18,776.98,748.18,True,left_half_forward
116,2.32,36,0.4741,208.86,603.44,236.46,662.66,222.66,662.66,True,left_pocket
116,2.32,37,0.6945,916.16,573.94,944.5,649.18,930.33,649.18,True,left_half_forward
116,2.32,39,0.5283,1421.51,632.32,1451.32,718.05,1436.41,718.05,True,central_corridor
116,2.32,41,0.5206,1102.74,547.3,1124.52,611.45,1113.63,611.45,True,left_half_forward
116,2.32,47,0.6014,244.11,558.34,271.22,618.87,257.67,618.87,True,left_pocket
116,2.32,51,0.5179,1448.96,625.3,1483.5,722.09,1466.23,722.09,True,central_corridor
117,2.34,2,0.6429,1464.37,847.15,1514.76,972.17,1489.57,972.17,False,outside
117,2.34,29,0.737,1258.2,728.85,1302.71,861.57,1280.45,861.57,True,central_corridor
117,2.34,35,0.6721,746.66,660.04,803.93,747.74,775.3,747.74,True,left_half_forward
117,2.34,36,0.4774,208.79,603.58,236.58,662.72,222.69,662.72,True,left_pocket
117,2.34,37,0.6919,915.78,574.02,944.43,649.75,930.11,649.75,True,left_half_forward
117,2.34,39,0.5291,1421.51,632.49,1451.47,718.02,1436.49,718.02,True,central_corridor
117,2.34,41,0.52,1102.71,547.46,1124.49,611.3,1113.6,611.3,True,left_half_forward
117,2.34,47,0.5947,244.43,558.55,271.25,618.98,257.84,618.98,True,left_pocket
117,2.34,51,0.5318,1449.04,625.49,1483.61,721.87,1466.32,721.87,True,central_corridor
118,2.36,2,0.7021,1463.72,848.3,1514.42,972.85,1489.07,972.85,False,outside
118,2.36,29,0.7485,1255.1,728.53,1303.02,863.23,1279.06,863.23,True,central_corridor
118,2.36,35,0.6603,747.38,662.41,803.82,746.12,775.6,746.12,True,left_half_forward
118,2.36,36,0.5676,210.95,603.02,238.73,663.46,224.84,663.46,True,left_pocket
118,2.36,37,0.7479,915.43,575.11,942.85,649.25,929.14,649.25,True,left_half_forward
118,2.36,39,0.5529,1421.55,632.59,1452.75,718.14,1437.15,718.14,True,central_corridor
118,2.36,41,0.5249,1103.12,546.37,1125.4,610.85,1114.26,610.85,True,left_half_forward
118,2.36,47,0.6061,244.79,558.73,273.11,619.03,258.95,619.03,True,left_pocket
118,2.36,51,0.6293,1450.65,625.11,1484.68,721.82,1467.67,721.82,True,central_corridor
118,2.36,17,0.3937,1251.54,491.16,1272.09,543.93,1261.81,543.93,True,central_corridor
119,2.38,2,0.6808,1464.16,847.98,1513.46,972.71,1488.81,972.71,False,outside
119,2.38,29,0.7251,1252.77,728.81,1303.09,864.85,1277.93,864.85,True,central_corridor
119,2.38,35,0.6403,746.93,660.41,788.93,745.87,767.93,745.87,True,left_half_forward
119,2.38,36,0.5939,212.81,602.67,240.33,664.17,226.57,664.17,True,left_pocket
119,2.38,37,0.777,913.07,576.4,939.75,649.04,926.41,649.04,True,left_half_forward
119,2.38,39,0.5554,1423.2,633.46,1453.96,719.59,1438.58,719.59,True,central_corridor
119,2.38,41,0.5392,1103.6,545.31,1126.54,612.08,1115.07,612.08,True,left_half_forward
119,2.38,47,0.5244,246.85,558.64,274.03,618.07,260.44,618.07,True,left_pocket
119,2.38,51,0.6151,1451.7,625.1,1485.29,722.31,1468.49,722.31,True,central_corridor
119,2.38,17,0.3684,1252.59,491.4,1272.41,544.98,1262.5,544.98,True,central_corridor
120,2.4,2,0.6771,1464.2,847.89,1513.22,972.68,1488.71,972.68,False,outside
120,2.4,29,0.7275,1251.81,728.99,1303.24,865.7,1277.53,865.7,True,central_corridor
120,2.4,35,0.6377,747.47,659.7,783.37,745.62,765.42,745.62,True,left_half_forward
120,2.4,36,0.5986,213.42,602.62,240.77,664.44,227.1,664.44,True,left_pocket
120,2.4,37,0.7723,912.14,576.7,938.53,648.83,925.34,648.83,True,left_half_forward
120,2.4,39,0.5499,1423.89,633.73,1454.31,720.06,1439.1,720.06,True,central_corridor
120,2.4,41,0.5323,1103.78,544.96,1126.9,612.7,1115.34,612.7,True,left_half_forward
120,2.4,47,0.5281,247.45,558.61,274.28,618.14,260.87,618.14,True,left_pocket
120,2.4,51,0.6068,1452.12,625.1,1485.4,722.46,1468.76,722.46,True,central_corridor
120,2.4,17,0.3725,1252.91,491.17,1272.58,545.16,1262.74,545.16,True,central_corridor
120,2.4,56,0.3609,628.23,461.55,651.74,512.14,639.98,512.14,False,outside
121,2.42,2,0.6784,1463.34,849.0,1513.29,973.4,1488.31,973.4,False,outside
121,2.42,29,0.7449,1248.19,728.64,1302.79,865.84,1275.49,865.84,True,central_corridor
121,2.42,35,0.6941,743.28,660.56,779.37,746.24,761.32,746.24,True,left_half_forward
121,2.42,36,0.6137,214.33,602.54,241.17,665.2,227.75,665.2,True,left_pocket
121,2.42,37,0.6915,910.24,577.75,937.68,648.44,923.96,648.44,True,left_half_forward
121,2.42,39,0.5128,1425.21,634.35,1454.67,722.19,1439.94,722.19,True,central_corridor
121,2.42,41,0.6047,1104.5,544.87,1127.79,613.99,1116.14,613.99,True,left_half_forward
121,2.42,47,0.4867,248.32,558.75,276.2,617.61,262.26,617.61,True,left_pocket
121,2.42,51,0.6373,1453.37,624.18,1486.07,723.51,1469.72,723.51,True,central_corridor
121,2.42,17,0.3941,1254.05,490.91,1273.19,544.37,1263.62,544.37,True,central_corridor
122,2.44,2,0.6776,1462.99,849.21,1513.29,973.67,1488.14,973.67,False,outside
122,2.44,29,0.7432,1246.79,728.3,1302.52,865.78,1274.66,865.78,True,central_corridor
122,2.44,35,0.693,741.75,660.89,778.1,746.34,759.92,746.34,True,left_half_forward
122,2.44,36,0.6153,214.37,602.36,241.15,665.57,227.76,665.57,True,left_pocket
122,2.44,37,0.681,909.46,578.49,937.43,648.52,923.45,648.52,True,left_half_forward
122,2.44,39,0.5065,1425.7,634.51,1454.6,722.97,1440.15,722.97,True,central_corridor
122,2.44,41,0.6,1104.64,544.8,1128.06,614.21,1116.35,614.21,True,left_half_forward
122,2.44,47,0.4717,248.6,558.81,276.87,617.14,262.74,617.14,True,left_pocket
122,2.44,51,0.6371,1453.88,623.61,1486.27,723.79,1470.07,723.79,True,central_corridor
122,2.44,17,0.409,1254.47,490.76,1273.47,543.99,1263.97,543.99,True,central_corridor
122,2.44,57,0.4108,812.88,483.27,833.39,530.93,823.14,530.93,True,left_half_forward
123,2.46,2,0.6905,1463.56,848.57,1513.61,973.07,1488.59,973.07,False,outside
123,2.46,29,0.7459,1246.44,728.21,1302.48,865.7,1274.46,865.7,True,central_corridor
123,2.46,35,0.6908,741.42,661.01,777.82,746.43,759.62,746.43,True,left_half_forward
123,2.46,36,0.5957,214.1,602.36,241.18,665.62,227.64,665.62,True,left_pocket
123,2.46,37,0.6797,909.23,577.98,937.27,648.58,923.25,648.58,True,left_half_forward
123,2.46,39,0.5032,1425.78,634.63,1454.59,723.42,1440.19,723.42,True,central_corridor
123,2.46,41,0.597,1104.67,544.82,1128.18,614.21,1116.42,614.21,True,left_half_forward
123,2.46,47,0.4693,248.71,558.73,277.06,617.07,262.88,617.07,True,left_pocket
123,2.46,51,0.637,1454.05,623.4,1486.33,724.09,1470.19,724.09,True,central_corridor
123,2.46,17,0.4083,1254.41,490.75,1273.61,544.28,1264.01,544.28,True,central_corridor
123,2.46,57,0.4158,812.9,483.26,833.46,530.92,823.18,530.92,True,left_half_forward
124,2.48,2,0.6708,1462.52,849.99,1513.89,973.72,1488.2,973.72,False,outside
124,2.48,29,0.7321,1245.96,727.99,1302.1,866.89,1274.03,866.89,True,central_corridor
124,2.48,35,0.6851,735.21,660.42,774.05,747.35,754.63,747.35,True,left_half_forward
124,2.48,36,0.5377,214.35,602.59,241.13,664.34,227.74,664.34,True,left_pocket
124,2.48,37,0.6973,907.6,578.88,936.54,648.37,922.07,648.37,True,left_half_forward
124,2.48,39,0.4883,1426.18,635.17,1455.12,724.8,1440.65,724.8,True,central_corridor
124,2.48,41,0.5766,1104.82,546.38,1128.6,614.47,1116.71,614.47,True,left_half_forward
124,2.48,47,0.4475,250.44,558.51,278.69,616.99,264.56,616.99,True,left_pocket
124,2.48,51,0.5639,1454.3,623.31,1486.67,725.26,1470.49,725.26,True,central_corridor
124,2.48,17,0.414,1254.8,492.89,1274.56,544.6,1264.68,544.6,True,central_corridor
124,2.48,57,0.3649,813.41,482.56,834.21,530.39,823.81,530.39,True,left_half_forward
124,2.48,43,0.3891,762.99,511.57,786.13,566.93,774.56,566.93,True,left_half_forward
125,2.5,2,0.6631,1462.25,850.6,1513.7,973.91,1487.97,973.91,False,outside
125,2.5,29,0.7382,1245.91,728.27,1301.6,871.36,1273.75,871.36,True,central_corridor
125,2.5,35,0.5743,728.25,659.02,766.2,748.32,747.22,748.32,True,left_half_forward
125,2.5,36,0.5806,215.22,603.71,243.55,670.27,229.39,670.27,True,left_pocket
125,2.5,37,0.7024,904.99,579.31,935.17,648.64,920.08,648.64,True,left_half_forward
125,2.5,39,0.4742,1427.09,632.25,1458.03,724.96,1442.56,724.96,True,central_corridor
125,2.5,41,0.5754,1104.39,546.68,1129.36,615.32,1116.87,615.32,True,left_half_forward
125,2.5,47,0.536,253.61,558.97,280.41,615.52,267.01,615.52,True,left_pocket
125,2.5,51,0.5694,1455.03,623.53,1487.13,725.49,1471.08,725.49,True,central_corridor
125,2.5,17,0.4798,1255.98,491.77,1276.28,544.3,1266.13,544.3,True,central_corridor
125,2.5,57,0.3645,814.14,482.11,836.02,530.64,825.08,530.64,True,left_half_forward
125,2.5,43,0.3854,762.76,512.5,787.51,566.11,775.14,566.11,True,left_half_forward
126,2.52,2,0.6726,1462.16,850.56,1513.69,973.94,1487.93,973.94,False,outside
126,2.52,29,0.7349,1245.83,728.39,1301.4,873.23,1273.61,873.23,True,central_corridor
126,2.52,35,0.5783,725.87,658.56,763.47,748.62,744.67,748.62,True,left_half_forward
126,2.52,36,0.5776,215.45,604.25,244.49,672.4,229.97,672.4,True,left_pocket
126,2.52,37,0.7024,903.85,579.32,934.69,648.93,919.27,648.93,True,left_half_forward
126,2.52,39,0.4726,1427.25,631.06,1459.16,724.83,1443.2,724.83,True,central_corridor
126,2.52,41,0.5854,1104.13,546.4,1129.69,615.97,1116.91,615.97,True,left_half_forward
126,2.52,47,0.5456,254.75,558.93,281.16,615.18,267.95,615.18,True,left_pocket
126,2.52,51,0.5655,1455.2,623.78,1487.27,725.45,1471.24,725.45,True,central_corridor
126,2.52,17,0.4737,1256.5,491.41,1277.13,543.83,1266.82,543.83,True,central_corridor
126,2.52,57,0.3855,814.6,482.1,836.78,530.81,825.69,530.81,True,left_half_forward
126,2.52,43,0.397,762.42,512.92,787.81,565.93,775.12,565.93,True,left_half_forward
126,2.52,56,0.3575,630.67,464.57,655.03,518.24,642.85,518.24,False,outside
127,2.54,2,0.6765,1462.11,850.42,1513.89,973.97,1488.0,973.97,False,outside
127,2.54,29,0.7325,1245.86,728.44,1301.45,873.92,1273.65,873.92,True,central_corridor
127,2.54,35,0.571,725.11,658.43,762.4,748.7,743.75,748.7,True,left_half_forward
127,2.54,36,0.5831,215.54,604.57,244.89,673.2,230.21,673.2,True,left_pocket
127,2.54,37,0.7062,903.56,579.32,934.5,649.06,919.03,649.06,True,left_half_forward
127,2.54,39,0.479,1427.22,630.62,1459.52,724.59,1443.37,724.59,True,central_corridor
127,2.54,41,0.5886,1103.95,546.21,1129.95,616.15,1116.95,616.15,True,left_half_forward
127,2.54,47,0.5423,255.11,558.84,281.26,615.1,268.19,615.1,True,left_pocket
127,2.54,51,0.5782,1455.24,623.86,1487.25,725.38,1471.25,725.38,True,central_corridor
127,2.54,17,0.4657,1256.71,491.36,1277.48,543.46,1267.09,543.46,True,central_corridor
127,2.54,57,0.3948,814.77,482.07,837.01,531.07,825.89,531.07,True,left_half_forward
127,2.54,43,0.3943,762.19,513.45,787.73,565.96,774.96,565.96,True,left_half_forward
127,2.54,56,0.3591,630.83,464.77,655.24,518.32,643.04,518.32,False,outside
128,2.56,2,0.7109,1462.52,850.56,1513.68,973.99,1488.1,973.99,False,outside
128,2.56,29,0.7172,1245.66,728.68,1299.64,872.94,1272.65,872.94,True,central_corridor
128,2.56,35,0.6252,717.34,658.87,758.87,749.37,738.11,749.37,True,left_half_forward
128,2.56,36,0.5236,217.83,605.52,244.67,673.46,231.25,673.46,True,left_pocket
128,2.56,37,0.6669,903.47,578.96,934.41,646.36,918.94,646.36,True,left_half_forward
128,2.56,39,0.3837,1428.28,630.19,1459.74,724.65,1444.01,724.65,True,central_corridor
128,2.56,41,0.604,1105.22,548.31,1130.84,615.51,1118.03,615.51,True,left_half_forward
128,2.56,47,0.6186,256.62,559.16,283.89,617.42,270.26,617.42,True,left_pocket
128,2.56,51,0.5658,1455.57,625.48,1487.36,724.99,1471.47,724.99,True,central_corridor
128,2.56,17,0.4191,1257.12,491.42,1277.59,541.63,1267.36,541.63,True,central_corridor
128,2.56,57,0.376,815.84,482.19,836.51,530.32,826.18,530.32,True,left_half_forward
128,2.56,43,0.3805,761.73,511.95,789.64,566.82,775.69,566.82,True,left_half_forward
128,2.56,56,0.4018,630.71,464.4,654.66,517.09,642.69,517.09,False,outside
129,2.58,2,0.7374,1462.31,849.35,1513.96,973.9,1488.14,973.9,False,outside
129,2.58,29,0.6718,1239.88,729.85,1298.55,872.82,1269.21,872.82,True,central_corridor
129,2.58,35,0.4853,711.95,659.67,754.25,750.29,733.1,750.29,True,left_half_forward
129,2.58,36,0.6337,219.06,606.05,243.67,674.41,231.37,674.41,True,left_pocket
129,2.58,37,0.658,903.45,578.76,934.13,647.29,918.79,647.29,True,left_half_forward
129,2.58,39,0.4221,1428.91,632.15,1459.81,725.27,1444.36,725.27,True,central_corridor
129,2.58,41,0.6127,1106.65,550.22,1130.84,614.26,1118.75,614.26,True,left_half_forward
129,2.58,47,0.6715,260.31,559.9,286.39,619.8,273.35,619.8,True,left_pocket
129,2.58,51,0.5384,1457.41,627.18,1487.57,725.24,1472.49,725.24,True,central_corridor
129,2.58,17,0.4449,1257.37,490.91,1277.73,541.57,1267.55,541.57,True,central_corridor
129,2.58,57,0.3941,816.29,483.11,836.84,530.4,826.56,530.4,True,left_half_forward
129,2.58,43,0.3971,763.13,512.45,791.15,568.05,777.14,568.05,True,left_half_forward
129,2.58,56,0.4458,631.3,464.6,655.3,517.54,643.3,517.54,False,outside
130,2.6,2,0.7382,1462.1,848.98,1514.12,974.01,1488.11,974.01,False,outside
130,2.6,29,0.6751,1237.14,730.21,1298.03,872.81,1267.59,872.81,True,central_corridor
130,2.6,35,0.4546,709.81,659.9,752.41,750.35,731.11,750.35,True,left_half_forward
130,2.6,36,0.6034,219.56,606.26,243.45,674.64,231.5,674.64,True,left_pocket
130,2.6,37,0.6523,903.44,578.51,934.0,647.53,918.72,647.53,True,left_half_forward
130,2.6,39,0.4179,1429.29,631.04,1460.58,724.99,1444.93,724.99,True,central_corridor
130,2.6,41,0.6034,1107.15,550.64,1130.82,613.84,1118.99,613.84,True,left_half_forward
130,2.6,47,0.6633,261.55,560.2,287.29,620.86,274.42,620.86,True,left_pocket
130,2.6,51,0.5292,1458.15,627.9,1487.74,725.61,1472.94,725.61,True,central_corridor
130,2.6,17,0.4341,1257.41,491.27,1277.77,541.61,1267.59,541.61,True,central_corridor
130,2.6,57,0.379,816.42,483.53,836.85,530.42,826.64,530.42,True,left_half_forward
130,2.6,43,0.3965,763.92,512.53,791.63,568.58,777.77,568.58,True,left_half_forward
130,2.6,56,0.4436,631.38,464.7,655.27,517.57,643.32,517.57,False,outside
131,2.62,2,0.7065,1462.74,848.31,1513.78,974.28,1488.26,974.28,False,outside
131,2.62,29,0.6568,1236.33,730.88,1297.72,873.01,1267.03,873.01,True,central_corridor
131,2.62,35,0.3675,709.31,661.25,747.9,749.32,728.61,749.32,True,left_half_forward
131,2.62,36,0.6085,220.25,607.01,244.78,675.07,232.51,675.07,True,left_pocket
131,2.62,37,0.6465,903.02,578.44,932.94,648.7,917.98,648.7,True,left_half_forward
131,2.62,39,0.4906,1429.66,631.11,1460.73,727.31,1445.19,727.31,True,central_corridor
131,2.62,41,0.5861,1108.3,551.97,1130.49,613.46,1119.39,613.46,True,left_half_forward
131,2.62,47,0.6543,262.86,562.19,288.34,623.91,275.6,623.91,True,left_pocket
131,2.62,51,0.548,1458.69,629.11,1487.9,726.51,1473.3,726.51,True,central_corridor
131,2.62,17,0.4184,1257.23,490.49,1278.13,540.4,1267.68,540.4,True,central_corridor
131,2.62,57,0.3781,816.31,483.11,837.27,530.79,826.79,530.79,True,left_half_forward
131,2.62,43,0.4593,765.9,512.19,792.13,567.96,779.01,567.96,True,left_half_forward
131,2.62,56,0.3922,631.68,465.1,656.13,518.31,643.91,518.31,False,outside
132,2.64,2,0.7004,1462.96,847.84,1513.51,974.39,1488.24,974.39,False,outside
132,2.64,29,0.6511,1236.31,731.2,1297.65,873.19,1266.98,873.19,True,central_corridor
132,2.64,35,0.3566,709.39,661.58,745.87,748.91,727.63,748.91,True,left_half_forward
132,2.64,36,0.6053,220.41,607.17,245.29,675.23,232.85,675.23,True,left_pocket
132,2.64,37,0.637,902.93,578.42,932.51,649.2,917.72,649.2,True,left_half_forward
132,2.64,39,0.4915,1429.66,632.76,1460.33,728.12,1445.0,728.12,True,central_corridor
132,2.64,41,0.5946,1108.7,552.41,1130.47,613.26,1119.58,613.26,True,left_half_forward
132,2.64,47,0.646,263.23,563.0,288.69,624.81,275.96,624.81,True,left_pocket
132,2.64,51,0.5537,1458.71,629.39,1487.98,726.71,1473.34,726.71,True,central_corridor
132,2.64,17,0.4187,1257.16,490.18,1278.25,540.43,1267.71,540.43,True,central_corridor
132,2.64,57,0.3821,816.18,482.91,837.41,530.83,826.79,530.83,True,left_half_forward
132,2.64,43,0.4646,766.81,512.1,792.33,567.94,779.57,567.94,True,left_half_forward
132,2.64,56,0.401,631.79,465.11,656.42,518.32,644.1,518.32,False,outside
132,2.64,58,0.555,1252.62,730.5,1296.73,868.47,1274.67,868.47,True,central_corridor
133,2.66,2,0.7085,1463.07,847.34,1513.46,974.37,1488.27,974.37,False,outside
133,2.66,29,0.6537,1236.54,731.36,1297.64,873.35,1267.09,873.35,True,central_corridor
133,2.66,36,0.6076,220.41,607.06,245.53,675.28,232.97,675.28,True,left_pocket
133,2.66,37,0.6305,902.95,578.31,932.34,649.3,917.65,649.3,True,left_half_forward
133,2.66,39,0.4843,1429.61,631.8,1460.56,728.48,1445.08,728.48,True,central_corridor
133,2.66,41,0.5943,1108.84,552.51,1130.37,613.22,1119.61,613.22,True,left_half_forward
133,2.66,47,0.636,263.32,563.35,288.79,625.14,276.05,625.14,True,left_pocket
133,2.66,51,0.5479,1458.69,629.85,1488.12,726.94,1473.4,726.94,True,central_corridor
133,2.66,17,0.4221,1257.15,489.9,1278.34,541.1,1267.74,541.1,True,central_corridor
133,2.66,57,0.3755,816.15,482.74,837.41,530.76,826.78,530.76,True,left_half_forward
133,2.66,43,0.4518,767.15,512.11,792.38,567.81,779.77,567.81,True,left_half_forward
133,2.66,56,0.3977,631.79,465.11,656.45,518.33,644.12,518.33,False,outside
134,2.68,2,0.7015,1463.45,847.59,1514.94,974.14,1489.19,974.14,False,outside
134,2.68,29,0.6887,1236.43,731.58,1297.79,873.4,1267.11,873.4,True,central_corridor
134,2.68,36,0.5749,219.61,606.74,246.86,673.54,233.23,673.54,True,left_pocket
134,2.68,37,0.6071,901.82,578.78,930.94,649.81,916.38,649.81,True,left_half_forward
134,2.68,39,0.6303,1429.96,632.77,1462.68,729.61,1446.32,729.61,True,central_corridor
134,2.68,41,0.5868,1109.32,552.69,1131.15,613.77,1120.24,613.77,True,left_half_forward
134,2.68,47,0.6833,265.53,563.77,289.01,625.07,277.27,625.07,True,left_pocket
134,2.68,51,0.5549,1460.17,631.89,1488.61,727.37,1474.39,727.37,True,central_corridor
134,2.68,17,0.4363,1257.32,488.99,1278.56,540.92,1267.94,540.92,True,central_corridor
134,2.68,57,0.3887,816.93,483.87,840.07,530.72,828.5,530.72,True,left_half_forward
134,2.68,43,0.4626,767.73,510.72,792.56,567.2,780.14,567.2,True,left_half_forward
134,2.68,56,0.404,631.9,465.19,656.66,519.17,644.28,519.17,False,outside
135,2.7,2,0.6948,1463.57,847.8,1515.43,974.1,1489.5,974.1,False,outside
135,2.7,29,0.6907,1236.29,731.6,1297.91,873.44,1267.1,873.44,True,central_corridor
135,2.7,36,0.586,219.29,606.35,247.37,672.89,233.33,672.89,True,left_pocket
135,2.7,37,0.6183,901.3,578.69,930.54,650.05,915.92,650.05,True,left_half_forward
135,2.7,39,0.6033,1430.21,633.06,1463.72,730.24,1446.96,730.24,True,central_corridor
135,2.7,41,0.5856,1109.47,552.68,1131.35,613.92,1120.41,613.92,True,left_half_forward
135,2.7,47,0.6819,266.37,563.81,288.95,625.34,277.66,625.34,True,left_pocket
135,2.7,51,0.5421,1460.87,632.83,1488.78,727.79,1474.83,727.79,True,central_corridor
135,2.7,17,0.4299,1257.26,488.86,1278.67,541.15,1267.97,541.15,True,central_corridor
135,2.7,57,0.3904,817.19,484.27,840.97,530.59,829.08,530.59,True,left_half_forward
135,2.7,43,0.4692,767.94,510.12,792.65,567.04,780.3,567.04,True,left_half_forward
135,2.7,56,0.4049,632.01,465.27,656.91,519.58,644.46,519.58,False,outside
136,2.72,2,0.6974,1464.33,847.21,1516.47,973.65,1490.4,973.65,False,outside
136,2.72,29,0.6544,1238.26,732.23,1298.9,873.5,1268.58,873.5,True,central_corridor
136,2.72,36,0.5682,219.84,607.78,246.39,674.52,233.12,674.52,True,left_pocket
136,2.72,37,0.5788,900.18,578.82,929.28,650.12,914.73,650.12,True,left_half_forward
136,2.72,39,0.6693,1430.99,634.12,1464.99,728.53,1447.99,728.53,True,central_corridor
136,2.72,41,0.5755,1110.11,551.96,1132.72,613.87,1121.41,613.87,True,left_half_forward
136,2.72,47,0.5785,268.03,565.53,291.25,624.08,279.64,624.08,True,left_pocket
136,2.72,51,0.5455,1461.34,634.96,1490.78,727.66,1476.06,727.66,True,central_corridor
136,2.72,17,0.3996,1257.89,490.31,1278.76,542.48,1268.33,542.48,True,central_corridor
136,2.72,57,0.395,818.14,486.51,841.66,529.96,829.9,529.96,True,left_half_forward
136,2.72,43,0.4388,770.5,510.18,792.77,564.55,781.64,564.55,True,left_half_forward
136,2.72,56,0.3781,632.2,466.14,656.37,517.77,644.28,517.77,False,outside
137,2.74,2,0.7183,1464.28,847.41,1517.36,973.31,1490.82,973.31,False,outside
137,2.74,29,0.6806,1238.63,733.37,1301.1,874.37,1269.87,874.37,True,central_corridor
137,2.74,36,0.5989,218.77,604.66,246.75,675.22,232.76,675.22,True,left_pocket
137,2.74,37,0.5848,898.25,580.81,927.13,649.6,912.69,649.6,True,left_half_forward
137,2.74,39,0.743,1430.83,634.97,1464.9,728.24,1447.86,728.24,True,central_corridor
137,2.74,41,0.5934,1110.59,551.65,1134.21,614.69,1122.4,614.69,True,left_half_forward
137,2.74,47,0.6646,268.85,565.64,294.43,624.13,281.64,624.13,True,left_pocket
137,2.74,17,0.4442,1258.23,491.31,1279.22,542.92,1268.73,542.92,True,central_corridor
137,2.74,57,0.3897,819.59,486.24,841.94,529.75,830.76,529.75,True,left_half_forward
137,2.74,43,0.4135,772.42,509.5,793.5,564.25,782.96,564.25,True,left_half_forward
138,2.76,2,0.7167,1464.33,847.4,1517.59,973.23,1490.96,973.23,False,outside
138,2.76,29,0.6867,1238.88,733.73,1301.87,874.74,1270.37,874.74,True,central_corridor
138,2.76,36,0.6245,218.12,603.65,246.93,675.79,232.53,675.79,True,left_pocket
138,2.76,37,0.5884,897.78,581.14,927.17,649.2,912.47,649.2,True,left_half_forward
138,2.76,39,0.7402,1430.62,635.12,1464.89,728.2,1447.76,728.2,True,central_corridor
138,2.76,41,0.5861,1110.69,551.62,1134.76,615.0,1122.72,615.0,True,left_half_forward
138,2.76,47,0.652,269.17,565.87,295.41,623.78,282.29,623.78,True,left_pocket
138,2.76,17,0.4399,1258.32,491.83,1279.48,543.08,1268.9,543.08,True,central_corridor
138,2.76,57,0.3874,820.11,486.54,842.26,529.67,831.19,529.67,True,left_half_forward
138,2.76,43,0.4142,773.01,509.2,793.73,563.99,783.37,563.99,True,left_half_forward
138,2.76,59,0.3961,672.18,660.42,696.78,724.17,684.48,724.17,True,left_pocket
138,2.76,60,0.3655,727.02,484.86,747.0,530.1,737.01,530.1,True,outside
138,2.76,18,0.5987,1461.99,634.74,1492.48,725.82,1477.24,725.82,True,central_corridor
139,2.78,2,0.7207,1464.29,847.36,1517.71,973.35,1491.0,973.35,False,outside
139,2.78,29,0.6848,1238.95,734.04,1302.19,874.9,1270.57,874.9,True,central_corridor
139,2.78,36,0.6179,217.93,603.26,246.96,675.95,232.45,675.95,True,left_pocket
139,2.78,37,0.582,897.32,581.76,926.63,649.29,911.97,649.29,True,left_half_forward
139,2.78,39,0.7382,1430.42,635.1,1464.81,728.19,1447.62,728.19,True,central_corridor
139,2.78,41,0.584,1110.9,551.68,1134.86,614.94,1122.88,614.94,True,left_half_forward
139,2.78,47,0.658,269.22,565.97,295.67,623.64,282.45,623.64,True,left_pocket
139,2.78,17,0.4383,1258.43,492.04,1279.7,543.16,1269.07,543.16,True,central_corridor
139,2.78,57,0.3888,820.26,486.53,842.2,529.61,831.23,529.61,True,left_half_forward
139,2.78,43,0.4156,773.21,509.08,793.84,563.96,783.53,563.96,True,left_half_forward
139,2.78,59,0.3934,672.25,660.47,696.85,724.15,684.55,724.15,True,left_pocket
139,2.78,60,0.3653,727.07,484.84,747.12,529.94,737.1,529.94,True,outside
139,2.78,18,0.59,1462.19,634.74,1492.42,725.61,1477.3,725.61,True,central_corridor
140,2.8,2,0.7081,1464.04,847.25,1517.91,973.86,1490.98,973.86,False,outside
140,2.8,29,0.674,1241.26,734.65,1302.14,875.83,1271.7,875.83,True,central_corridor
140,2.8,36,0.6441,217.24,602.29,246.01,676.15,231.63,676.15,True,left_pocket
140,2.8,37,0.5977,897.03,582.81,925.23,649.91,911.13,649.91,True,left_half_forward
140,2.8,39,0.6834,1430.46,636.9,1463.87,728.48,1447.16,728.48,True,central_corridor
140,2.8,41,0.528,1111.66,552.21,1134.63,614.48,1123.15,614.48,True,left_half_forward
140,2.8,47,0.6673,270.55,565.62,296.63,624.99,283.59,624.99,True,left_pocket
140,2.8,17,0.4392,1259.44,493.39,1280.12,542.3,1269.78,542.3,True,central_corridor
140,2.8,57,0.401,820.78,487.05,842.32,529.01,831.55,529.01,True,left_half_forward
140,2.8,43,0.457,774.49,508.49,795.23,564.83,784.86,564.83,True,left_half_forward
140,2.8,18,0.609,1463.22,635.08,1494.04,725.69,1478.63,725.69,True,central_corridor
141,2.82,2,0.6998,1463.82,847.19,1517.99,973.96,1490.91,973.96,False,outside
141,2.82,29,0.6667,1242.1,734.9,1302.14,876.04,1272.12,876.04,True,central_corridor
141,2.82,36,0.6431,216.72,601.85,245.62,676.16,231.17,676.16,True,left_pocket
141,2.82,37,0.6023,896.91,583.14,924.6,650.25,910.76,650.25,True,left_half_forward
141,2.82,39,0.6614,1430.44,637.55,1463.48,728.26,1446.96,728.26,True,central_corridor
141,2.82,41,0.53,1111.79,552.34,1134.57,614.19,1123.18,614.19,True,left_half_forward
141,2.82,47,0.6565,270.91,565.86,297.09,625.52,284.0,625.52,True,left_pocket
141,2.82,17,0.4368,1259.82,494.03,1280.29,542.13,1270.05,542.13,True,central_corridor
141,2.82,57,0.4144,820.83,487.16,842.26,528.85,831.55,528.85,True,left_half_forward
141,2.82,43,0.4469,774.99,508.27,795.69,565.35,785.34,565.35,True,left_half_forward
141,2.82,18,0.603,1463.59,634.99,1494.68,725.24,1479.13,725.24,True,central_corridor
142,2.84,2,0.6838,1463.51,848.21,1518.85,974.51,1491.18,974.51,False,outside
142,2.84,29,0.6464,1245.17,735.33,1303.05,877.77,1274.11,877.77,True,central_corridor
142,2.84,36,0.6944,215.2,598.3,245.83,677.17,230.51,677.17,True,left_pocket
142,2.84,37,0.6267,896.69,583.96,923.89,652.87,910.29,652.87,True,left_half_forward
142,2.84,39,0.7059,1430.22,639.14,1464.53,730.82,1447.37,730.82,True,central_corridor
142,2.84,41,0.4036,1113.13,551.46,1135.67,614.55,1124.4,614.55,True,left_half_forward
142,2.84,47,0.6168,270.48,565.57,298.39,628.12,284.44,628.12,True,left_pocket
142,2.84,17,0.3967,1261.55,495.66,1282.17,544.44,1271.86,544.44,True,central_corridor
142,2.84,43,0.3632,776.8,509.31,796.07,566.76,786.43,566.76,True,left_half_forward
142,2.84,18,0.6476,1463.14,637.41,1496.07,724.11,1479.61,724.11,True,central_corridor
143,2.86,2,0.6598,1463.79,848.58,1518.81,975.18,1491.3,975.18,False,outside
143,2.86,29,0.6643,1246.16,734.63,1303.94,881.07,1275.05,881.07,True,central_corridor
143,2.86,36,0.6671,212.12,593.67,244.64,677.95,228.38,677.95,True,left_pocket
143,2.86,37,0.6239,896.01,584.62,922.82,653.5,909.42,653.5,True,left_half_forward
143,2.86,39,0.6772,1430.12,640.75,1464.95,731.46,1447.54,731.46,True,central_corridor
143,2.86,47,0.5929,271.41,565.02,299.03,629.62,285.22,629.62,True,left_pocket
143,2.86,17,0.3623,1262.41,496.41,1283.43,545.07,1272.92,545.07,True,central_corridor
143,2.86,18,0.636,1463.74,638.68,1497.98,725.24,1480.86,725.24,True,central_corridor
143,2.86,35,0.406,672.95,659.72,715.87,752.99,694.41,752.99,True,left_pocket
144,2.88,2,0.6837,1463.87,848.58,1518.9,975.54,1491.38,975.54,False,outside
144,2.88,29,0.6627,1246.47,734.31,1304.29,882.31,1275.38,882.31,True,central_corridor
144,2.88,36,0.6723,211.62,592.04,244.32,678.43,227.97,678.43,True,left_pocket
144,2.88,37,0.6226,895.85,584.65,922.26,653.12,909.05,653.12,True,left_half_forward
144,2.88,39,0.6858,1429.93,641.23,1465.07,731.82,1447.5,731.82,True,central_corridor
144,2.88,47,0.6063,271.58,564.45,299.1,630.53,285.34,630.53,True,left_pocket
144,2.88,17,0.3641,1262.73,496.71,1283.84,545.27,1273.29,545.27,True,central_corridor
144,2.88,18,0.6516,1464.06,638.99,1498.61,726.01,1481.34,726.01,True,central_corridor
144,2.88,62,0.4398,642.51,658.07,675.94,735.02,659.23,735.02,True,left_pocket
144,2.88,63,0.3652,1230.04,484.83,1248.61,537.92,1239.32,537.92,True,central_corridor
144,2.88,35,0.4169,671.24,659.86,715.2,753.32,693.22,753.32,True,left_pocket
145,2.9,2,0.6592,1463.99,848.7,1518.81,975.71,1491.4,975.71,False,outside
145,2.9,29,0.6617,1246.63,734.15,1304.27,882.76,1275.45,882.76,True,central_corridor
145,2.9,36,0.6723,211.47,591.36,244.26,678.56,227.86,678.56,True,left_pocket
145,2.9,37,0.6036,895.7,584.68,922.14,653.01,908.92,653.01,True,left_half_forward
145,2.9,39,0.6866,1429.86,641.4,1465.11,732.01,1447.48,732.01,True,central_corridor
145,2.9,47,0.6099,271.51,564.1,299.14,630.88,285.32,630.88,True,left_pocket
145,2.9,17,0.3528,1262.76,496.73,1284.26,545.94,1273.51,545.94,True,central_corridor
145,2.9,18,0.6573,1464.05,639.16,1498.83,726.09,1481.44,726.09,True,central_corridor
145,2.9,62,0.4514,642.55,658.13,676.08,735.22,659.31,735.22,True,left_pocket
145,2.9,63,0.3817,1230.11,485.3,1248.69,537.9,1239.4,537.9,True,central_corridor
145,2.9,35,0.4128,670.82,660.03,715.11,753.58,692.97,753.58,True,left_pocket
146,2.92,2,0.6519,1465.2,849.31,1518.18,976.08,1491.69,976.08,False,outside
146,2.92,29,0.646,1247.69,734.58,1305.02,882.55,1276.35,882.55,True,central_corridor
146,2.92,36,0.7045,210.38,588.2,243.06,676.91,226.72,676.91,True,left_pocket
146,2.92,37,0.6673,894.76,584.09,921.52,653.12,908.14,653.12,True,left_half_forward
146,2.92,39,0.6581,1429.96,641.71,1465.57,731.51,1447.77,731.51,True,central_corridor
146,2.92,47,0.5511,272.4,564.06,302.06,634.16,287.23,634.16,True,left_pocket
146,2.92,18,0.7146,1464.41,637.14,1499.58,728.24,1482.0,728.24,True,central_corridor
146,2.92,63,0.3774,1231.09,486.07,1248.39,538.15,1239.74,538.15,True,central_corridor
146,2.92,35,0.4908,669.93,661.54,708.43,753.18,689.18,753.18,True,left_pocket
147,2.94,2,0.6635,1465.88,849.48,1518.34,975.77,1492.11,975.77,False,outside
147,2.94,29,0.6055,1249.58,734.66,1304.22,880.95,1276.9,880.95,True,central_corridor
147,2.94,36,0.6938,208.38,583.41,240.71,674.82,224.55,674.82,True,left_pocket
147,2.94,37,0.6801,893.63,582.41,920.63,652.33,907.13,652.33,True,left_half_forward
147,2.94,39,0.6501,1430.13,642.01,1464.3,731.89,1447.22,731.89,True,central_corridor
147,2.94,47,0.6627,274.74,568.97,304.22,636.48,289.48,636.48,True,left_pocket
147,2.94,18,0.6292,1462.92,636.12,1500.27,729.96,1481.6,729.96,True,central_corridor
147,2.94,35,0.6158,665.39,661.81,702.8,749.48,684.09,749.48,True,left_pocket
147,2.94,64,0.5909,628.55,659.95,657.91,738.08,643.23,738.08,True,left_pocket
148,2.96,2,0.675,1465.88,849.37,1518.26,975.96,1492.07,975.96,False,outside
148,2.96,29,0.596,1250.47,734.96,1303.69,879.82,1277.08,879.82,True,central_corridor
148,2.96,36,0.7051,207.48,580.48,239.96,674.27,223.72,674.27,True,left_pocket
148,2.96,37,0.6802,893.48,581.93,920.54,652.6,907.01,652.6,True,left_half_forward
148,2.96,39,0.6359,1430.08,641.74,1463.78,731.83,1446.93,731.83,True,central_corridor
148,2.96,47,0.6566,275.72,570.78,304.98,636.99,290.35,636.99,True,left_pocket
148,2.96,18,0.6277,1462.22,635.2,1500.46,730.28,1481.34,730.28,True,central_corridor
148,2.96,35,0.615,664.22,661.91,700.68,747.55,682.45,747.55,True,left_pocket
148,2.96,64,0.5798,627.46,660.98,656.59,738.49,642.03,738.49,True,left_pocket
149,2.98,2,0.6628,1465.69,849.8,1518.16,975.75,1491.93,975.75,False,outside
149,2.98,29,0.5947,1250.09,733.38,1302.79,880.08,1276.44,880.08,True,central_corridor
149,2.98,36,0.6901,205.88,585.66,239.92,674.84,222.9,674.84,True,left_pocket
149,2.98,37,0.7166,892.8,581.1,919.75,654.04,906.27,654.04,True,left_half_forward
149,2.98,39,0.6503,1430.35,642.32,1463.47,733.14,1446.91,733.14,True,central_corridor
149,2.98,47,0.6063,276.82,573.75,305.36,637.59,291.09,637.59,True,left_pocket
149,2.98,18,0.5861,1462.81,635.19,1500.97,731.38,1481.89,731.38,True,central_corridor
149,2.98,35,0.6452,662.24,662.24,697.65,748.22,679.94,748.22,True,left_pocket
149,2.98,64,0.6733,620.21,661.51,649.85,740.52,635.03,740.52,True,left_pocket
150,3.0,2,0.6704,1465.56,849.9,1518.03,975.84,1491.79,975.84,False,outside
150,3.0,29,0.5917,1249.99,733.14,1302.37,879.64,1276.18,879.64,True,central_corridor
150,3.0,36,0.6917,205.32,587.88,239.81,674.93,222.57,674.93,True,left_pocket
150,3.0,37,0.7123,892.59,580.45,919.47,654.5,906.03,654.5,True,left_half_forward
150,3.0,39,0.657,1430.46,642.5,1463.52,733.42,1446.99,733.42,True,central_corridor
150,3.0,47,0.6007,277.3,574.84,305.53,637.57,291.42,637.57,True,left_pocket
150,3.0,18,0.5869,1462.96,634.72,1501.22,731.05,1482.09,731.05,True,central_corridor
150,3.0,35,0.6497,661.67,662.49,696.68,748.29,679.17,748.29,True,left_pocket
150,3.0,64,0.6736,618.07,661.59,647.82,741.45,632.94,741.45,True,left_pocket
151,3.02,2,0.677,1465.41,849.89,1517.76,975.9,1491.58,975.9,False,outside
151,3.02,29,0.5595,1249.37,733.67,1302.75,879.4,1276.06,879.4,True,central_corridor
151,3.02,36,0.6223,204.49,590.92,238.8,674.35,221.65,674.35,True,left_pocket
151,3.02,37,0.72,892.01,580.73,918.94,655.12,905.47,655.12,True,left_half_forward
151,3.02,39,0.6481,1431.06,643.11,1464.5,735.17,1447.78,735.17,True,central_corridor
151,3.02,47,0.5244,278.17,574.35,305.38,635.14,291.78,635.14,True,left_pocket
151,3.02,18,0.5857,1462.51,634.36,1501.09,731.74,1481.8,731.74,True,central_corridor
151,3.02,35,0.6201,660.22,663.08,694.19,747.19,677.2,747.19,True,left_pocket
151,3.02,64,0.5767,612.11,659.61,643.71,740.43,627.91,740.43,True,left_pocket
152,3.04,2,0.6652,1465.06,849.77,1517.61,975.77,1491.34,975.77,False,outside
152,3.04,29,0.5611,1249.04,733.84,1302.82,879.47,1275.93,879.47,True,central_corridor
152,3.04,36,0.6143,204.19,592.18,238.43,674.1,221.31,674.1,True,left_pocket
152,3.04,37,0.7252,891.85,580.66,918.77,655.29,905.31,655.29,True,left_half_forward
152,3.04,39,0.6477,1431.19,643.47,1464.92,735.96,1448.06,735.96,True,central_corridor
152,3.04,47,0.5368,278.66,574.07,305.38,634.26,292.02,634.26,True,left_pocket
152,3.04,18,0.5887,1462.14,634.31,1500.99,731.85,1481.57,731.85,True,central_corridor
152,3.04,35,0.6304,659.71,663.24,693.07,746.73,676.39,746.73,True,left_pocket
152,3.04,64,0.5708,610.07,658.81,642.34,739.51,626.21,739.51,True,left_pocket
153,3.06,2,0.68,1465.14,849.68,1517.54,975.54,1491.34,975.54,False,outside
153,3.06,29,0.556,1248.88,733.99,1302.82,879.5,1275.85,879.5,True,central_corridor
153,3.06,36,0.612,204.01,592.67,238.36,674.01,221.19,674.01,True,left_pocket
153,3.06,37,0.7238,891.8,580.59,918.8,655.57,905.3,655.57,True,left_half_forward
153,3.06,39,0.646,1431.23,643.57,1465.06,736.31,1448.15,736.31,True,central_corridor
153,3.06,47,0.5177,278.9,574.04,305.37,633.56,292.13,633.56,True,left_pocket
153,3.06,18,0.5851,1461.89,634.2,1500.96,732.01,1481.42,732.01,True,central_corridor
153,3.06,35,0.636,659.67,663.3,692.83,746.58,676.25,746.58,True,left_pocket
153,3.06,64,0.5721,609.66,658.56,641.95,739.22,625.81,739.22,True,left_pocket
154,3.08,2,0.6766,1465.13,849.62,1517.44,975.53,1491.28,975.53,False,outside
154,3.08,29,0.4759,1248.72,734.66,1302.04,879.06,1275.38,879.06,True,central_corridor
154,3.08,36,0.5448,203.03,596.51,237.02,673.44,220.03,673.44,True,left_pocket
154,3.08,37,0.7396,890.57,581.11,917.13,658.02,903.85,658.02,True,left_half_forward
154,3.08,39,0.6521,1431.65,643.24,1465.67,738.41,1448.66,738.41,True,central_corridor
154,3.08,47,0.5433,279.34,574.34,305.41,633.26,292.38,633.26,True,left_pocket
154,3.08,18,0.5932,1462.39,634.75,1501.21,735.08,1481.8,735.08,True,central_corridor
154,3.08,35,0.6016,657.36,662.27,688.18,748.14,672.77,748.14,True,left_pocket
154,3.08,64,0.6058,607.25,659.65,637.94,737.6,622.6,737.6,True,left_pocket
155,3.1,2,0.6561,1465.37,849.92,1517.4,975.59,1491.38,975.59,False,outside
155,3.1,29,0.4935,1248.7,735.31,1302.75,879.0,1275.73,879.0,True,central_corridor
155,3.1,36,0.5234,201.49,599.26,234.23,674.2,217.86,674.2,True,left_pocket
155,3.1,37,0.7291,889.55,582.34,916.14,659.06,902.84,659.06,True,left_half_forward
155,3.1,39,0.6675,1432.4,643.49,1465.97,739.53,1449.18,739.53,True,central_corridor
155,3.1,47,0.5372,280.85,574.51,306.52,633.23,293.69,633.23,True,left_pocket
155,3.1,18,0.6024,1464.36,636.29,1502.22,737.76,1483.29,737.76,True,central_corridor
155,3.1,35,0.6314,654.7,665.2,683.9,750.33,669.3,750.33,True,left_pocket
155,3.1,64,0.6276,599.69,659.3,631.33,735.5,615.51,735.5,True,left_pocket
155,3.1,43,0.3558,778.31,514.27,805.74,570.48,792.02,570.48,True,left_half_forward
156,3.12,2,0.6595,1465.44,849.92,1517.3,975.47,1491.37,975.47,False,outside
156,3.12,29,0.4953,1248.63,735.37,1302.99,878.93,1275.81,878.93,True,central_corridor
156,3.12,36,0.5207,200.93,600.11,233.47,674.58,217.2,674.58,True,left_pocket
156,3.12,37,0.7318,889.24,582.77,915.7,659.52,902.47,659.52,True,left_half_forward
156,3.12,39,0.6628,1432.77,643.48,1466.09,739.89,1449.43,739.89,True,central_corridor
156,3.12,47,0.5461,281.48,574.45,307.17,633.02,294.32,633.02,True,left_pocket
156,3.12,18,0.6048,1465.0,636.88,1502.52,738.79,1483.76,738.79,True,central_corridor
156,3.12,35,0.6298,654.07,666.3,682.55,750.99,668.31,750.99,True,left_pocket
156,3.12,64,0.6171,597.01,659.21,629.02,734.33,613.02,734.33,True,left_pocket
156,3.12,43,0.3612,778.43,514.29,805.96,570.43,792.19,570.43,True,left_half_forward
157,3.14,2,0.6749,1465.38,849.93,1517.38,975.62,1491.38,975.62,False,outside
157,3.14,29,0.4163,1255.22,745.71,1305.56,880.9,1280.39,880.9,True,central_corridor
157,3.14,36,0.5054,200.45,603.68,232.38,676.59,216.41,676.59,True,left_pocket
157,3.14,37,0.7022,888.29,584.56,915.98,659.31,902.13,659.31,True,left_half_forward
157,3.14,39,0.6724,1433.12,644.98,1467.88,739.85,1450.5,739.85,True,central_corridor
157,3.14,47,0.5728,282.35,574.05,307.61,632.2,294.98,632.2,True,left_pocket
157,3.14,18,0.5679,1466.59,637.76,1503.13,738.11,1484.86,738.11,True,central_corridor
157,3.14,35,0.6782,652.35,668.54,680.96,750.41,666.66,750.41,True,left_pocket
157,3.14,64,0.5248,590.13,659.8,628.43,740.03,609.28,740.03,True,left_pocket
157,3.14,17,0.3788,1270.26,501.34,1290.21,546.62,1280.23,546.62,True,central_corridor
158,3.16,2,0.6625,1465.61,849.98,1517.34,975.59,1491.47,975.59,False,outside
158,3.16,29,0.4099,1258.29,749.67,1306.66,881.7,1282.48,881.7,True,central_corridor
158,3.16,36,0.5014,200.16,605.04,231.99,677.38,216.07,677.38,True,left_pocket
158,3.16,37,0.7039,887.83,584.82,916.03,659.48,901.93,659.48,True,left_half_forward
158,3.16,39,0.6802,1433.11,645.32,1468.45,739.76,1450.78,739.76,True,central_corridor
158,3.16,47,0.5602,282.57,573.92,308.0,631.76,295.28,631.76,True,left_pocket
158,3.16,18,0.5698,1467.13,637.92,1503.25,737.77,1485.19,737.77,True,central_corridor
158,3.16,35,0.6667,651.8,668.89,680.5,750.06,666.15,750.06,True,left_pocket
158,3.16,64,0.514,587.41,659.71,627.97,741.77,607.69,741.77,True,left_pocket
158,3.16,17,0.388,1270.26,500.31,1290.54,546.88,1280.4,546.88,True,central_corridor
159,3.18,2,0.6637,1465.85,850.12,1517.28,975.44,1491.57,975.44,False,outside
159,3.18,29,0.3909,1260.04,754.08,1307.22,882.06,1283.63,882.06,True,central_corridor
159,3.18,36,0.5045,200.16,605.5,231.86,677.78,216.01,677.78,True,left_pocket
159,3.18,37,0.6979,887.73,585.17,916.03,659.41,901.88,659.41,True,left_half_forward
159,3.18,39,0.6707,1433.06,645.34,1468.66,739.81,1450.86,739.81,True,central_corridor
159,3.18,47,0.5636,282.79,574.1,308.17,631.61,295.48,631.61,True,left_pocket
159,3.18,18,0.5508,1467.5,637.98,1503.13,737.49,1485.32,737.49,True,central_corridor
159,3.18,35,0.6655,651.69,668.93,680.37,749.89,666.03,749.89,True,left_pocket
159,3.18,64,0.5108,586.58,659.75,627.9,742.31,607.24,742.31,True,left_pocket
159,3.18,17,0.3603,1270.31,500.01,1290.76,546.8,1280.53,546.8,True,central_corridor
160,3.2,2,0.6683,1465.74,849.03,1518.05,974.89,1491.89,974.89,False,outside
160,3.2,29,0.3773,1266.28,765.17,1309.74,882.04,1288.01,882.04,True,central_corridor
160,3.2,36,0.4606,199.9,605.15,230.51,680.01,215.2,680.01,True,left_pocket
160,3.2,37,0.6955,886.13,586.62,916.48,659.49,901.31,659.49,True,left_half_forward
160,3.2,39,0.7413,1433.4,646.45,1471.73,739.21,1452.57,739.21,True,central_corridor
160,3.2,47,0.5802,282.78,573.63,309.67,634.85,296.22,634.85,True,left_pocket
160,3.2,18,0.4715,1469.67,637.74,1505.19,737.04,1487.43,737.04,True,central_corridor
160,3.2,35,0.6565,646.9,670.23,675.26,751.68,661.08,751.68,True,left_pocket
160,3.2,64,0.5415,581.41,658.61,622.89,742.77,602.15,742.77,True,left_pocket
160,3.2,17,0.4148,1270.48,499.36,1293.3,549.5,1281.89,549.5,True,central_corridor
160,3.2,43,0.3625,780.71,515.64,807.83,571.8,794.27,571.8,True,left_half_forward
161,3.22,2,0.6732,1465.82,848.57,1518.36,974.8,1492.09,974.8,False,outside
161,3.22,29,0.4286,1268.81,769.67,1310.95,884.15,1289.88,884.15,True,central_corridor
161,3.22,36,0.5342,199.81,607.44,227.01,685.19,213.41,685.19,True,left_pocket
161,3.22,37,0.7181,884.8,587.93,915.86,658.86,900.33,658.86,True,left_half_forward
161,3.22,39,0.743,1433.32,648.43,1472.34,740.56,1452.83,740.56,True,central_corridor
161,3.22,47,0.6123,283.18,574.23,310.68,639.54,296.93,639.54,True,left_pocket
161,3.22,18,0.4918,1469.85,637.86,1506.54,737.19,1488.19,737.19,True,central_corridor
161,3.22,35,0.6304,641.31,670.81,672.01,754.26,656.66,754.26,True,left_pocket
161,3.22,64,0.6642,575.19,658.81,611.12,742.47,593.15,742.47,True,left_pocket
161,3.22,17,0.4284,1270.97,496.47,1294.85,550.72,1282.91,550.72,True,central_corridor
161,3.22,43,0.4304,780.75,514.99,808.51,572.18,794.63,572.18,True,left_half_forward
161,3.22,41,0.3597,1119.58,552.98,1145.9,627.05,1132.74,627.05,True,left_half_forward
162,3.24,2,0.6588,1465.62,848.25,1518.54,974.78,1492.08,974.78,False,outside
162,3.24,29,0.4296,1269.57,768.73,1311.27,884.81,1290.42,884.81,True,central_corridor
162,3.24,36,0.5287,199.74,608.52,225.74,687.54,212.74,687.54,True,left_pocket
162,3.24,37,0.7121,884.33,588.21,915.38,658.3,899.85,658.3,True,left_half_forward
162,3.24,39,0.7371,1433.12,648.99,1472.49,741.04,1452.81,741.04,True,central_corridor
162,3.24,47,0.6081,283.14,574.45,311.11,641.5,297.13,641.5,True,left_pocket
162,3.24,18,0.4835,1469.96,637.57,1507.11,737.2,1488.53,737.2,True,central_corridor
162,3.24,35,0.6284,639.47,671.04,670.73,755.38,655.1,755.38,True,left_pocket
162,3.24,64,0.6516,572.88,658.8,606.78,742.05,589.83,742.05,True,left_pocket
162,3.24,17,0.4361,1270.97,494.94,1295.42,551.06,1283.2,551.06,True,central_corridor
162,3.24,43,0.4268,780.91,514.77,808.74,572.57,794.83,572.57,True,left_half_forward
162,3.24,65,0.3632,1249.15,743.88,1281.67,855.34,1265.41,855.34,True,central_corridor
162,3.24,41,0.3559,1119.56,553.16,1146.02,627.78,1132.79,627.78,True,left_half_forward
163,3.26,2,0.6804,1465.61,848.13,1518.67,974.62,1492.14,974.62,False,outside
163,3.26,29,0.5166,1269.22,760.88,1311.1,884.9,1290.16,884.9,True,central_corridor
163,3.26,36,0.6154,198.46,611.05,224.99,689.95,211.72,689.95,True,left_pocket
163,3.26,37,0.7043,883.71,588.35,914.48,657.03,899.1,657.03,True,left_half_forward
163,3.26,39,0.711,1434.33,649.61,1472.97,740.6,1453.65,740.6,True,central_corridor
163,3.26,47,0.5813,284.33,576.19,311.75,642.85,298.04,642.85,True,left_pocket
163,3.26,18,0.4549,1470.28,637.3,1507.13,737.26,1488.71,737.26,True,central_corridor
163,3.26,35,0.5984,636.35,669.12,670.08,755.35,653.21,755.35,True,left_pocket
163,3.26,64,0.4448,564.29,661.5,599.23,745.03,581.76,745.03,True,left_pocket
163,3.26,17,0.4353,1271.18,494.51,1295.41,551.25,1283.3,551.25,True,central_corridor
163,3.26,65,0.3748,1248.02,744.05,1279.35,861.89,1263.68,861.89,True,central_corridor
163,3.26,41,0.3622,1119.94,553.52,1145.98,626.6,1132.96,626.6,True,left_half_forward
164,3.28,2,0.6763,1465.54,848.07,1518.61,974.53,1492.07,974.53,False,outside
164,3.28,29,0.5143,1268.95,757.14,1311.01,884.84,1289.98,884.84,True,central_corridor
164,3.28,36,0.6028,197.98,612.0,224.83,690.72,211.41,690.72,True,left_pocket
164,3.28,37,0.7124,883.32,588.49,914.23,656.87,898.77,656.87,True,left_half_forward
164,3.28,39,0.7103,1434.85,649.86,1473.02,740.48,1453.93,740.48,True,central_corridor
164,3.28,47,0.5809,284.64,576.78,311.95,643.47,298.3,643.47,True,left_pocket
164,3.28,18,0.4561,1470.25,637.06,1507.21,737.19,1488.73,737.19,True,central_corridor
164,3.28,35,0.6022,635.08,668.09,669.84,755.17,652.46,755.17,True,left_pocket
164,3.28,64,0.4584,561.04,662.71,597.16,746.29,579.1,746.29,True,left_pocket
164,3.28,17,0.4354,1271.26,494.51,1295.5,551.38,1283.38,551.38,True,central_corridor
164,3.28,65,0.3532,1247.57,744.49,1278.3,864.4,1262.93,864.4,True,central_corridor
164,3.28,41,0.3729,1119.98,553.6,1145.98,626.68,1132.98,626.68,True,left_half_forward
164,3.28,66,0.3965,840.07,487.49,859.45,532.73,849.76,532.73,True,left_half_forward
164,3.28,67,0.3641,890.14,478.07,911.69,523.76,900.91,523.76,True,outside
165,3.3,2,0.6761,1465.5,847.98,1518.76,974.57,1492.13,974.57,False,outside
165,3.3,29,0.5166,1268.75,755.47,1310.89,884.9,1289.82,884.9,True,central_corridor
165,3.3,36,0.6139,197.89,611.92,224.9,690.84,211.39,690.84,True,left_pocket
165,3.3,37,0.7184,883.34,588.6,914.14,656.96,898.74,656.96,True,left_half_forward
165,3.3,39,0.7137,1435.0,649.99,1473.01,740.39,1454.0,740.39,True,central_corridor
165,3.3,47,0.5759,284.64,577.06,312.09,643.58,298.37,643.58,True,left_pocket
165,3.3,18,0.4661,1470.2,636.76,1507.26,737.2,1488.73,737.2,True,central_corridor
165,3.3,35,0.6119,634.75,667.56,669.92,755.09,652.33,755.09,True,left_pocket
165,3.3,64,0.4611,559.8,663.17,597.26,746.73,578.53,746.73,True,left_pocket
165,3.3,17,0.4309,1271.24,494.63,1295.48,551.5,1283.36,551.5,True,central_corridor
165,3.3,41,0.3693,1120.03,553.56,1146.01,626.64,1133.02,626.64,True,left_half_forward
165,3.3,66,0.4127,840.06,487.2,859.49,532.67,849.78,532.67,True,left_half_forward
165,3.3,67,0.3635,890.05,478.28,911.7,523.94,900.87,523.94,True,outside
165,3.3,43,0.3519,781.3,515.05,809.91,572.74,795.6,572.74,True,left_half_forward
166,3.32,2,0.6923,1465.58,848.01,1518.79,974.7,1492.19,974.7,False,outside
166,3.32,29,0.5533,1267.37,751.58,1312.5,885.62,1289.93,885.62,True,central_corridor
166,3.32,36,0.6598,196.22,615.43,223.73,691.48,209.97,691.48,True,left_pocket
166,3.32,37,0.6962,884.25,588.39,914.49,657.96,899.37,657.96,True,left_half_forward
166,3.32,39,0.6907,1435.71,649.74,1472.88,740.69,1454.3,740.69,True,central_corridor
166,3.32,47,0.616,285.27,578.11,312.42,643.35,298.85,643.35,True,left_pocket
166,3.32,18,0.4697,1469.88,636.61,1507.3,738.2,1488.59,738.2,True,central_corridor
166,3.32,35,0.5239,629.36,666.6,669.81,754.15,649.59,754.15,True,left_pocket
166,3.32,64,0.5275,555.62,663.1,590.82,750.71,573.22,750.71,True,left_pocket
166,3.32,17,0.4458,1271.39,496.74,1295.65,551.69,1283.52,551.69,True,central_corridor
166,3.32,41,0.378,1120.68,554.32,1146.66,625.34,1133.67,625.34,True,left_half_forward
166,3.32,66,0.4084,840.67,486.53,861.25,532.28,850.96,532.28,True,left_half_forward
167,3.34,2,0.6937,1465.69,847.8,1518.63,974.72,1492.16,974.72,False,outside
167,3.34,29,0.5444,1270.3,754.04,1312.5,887.17,1291.4,887.17,True,central_corridor
167,3.34,36,0.6586,195.09,615.96,222.91,691.64,209.0,691.64,True,left_pocket
167,3.34,37,0.6412,885.62,588.6,914.83,657.94,900.23,657.94,True,left_half_forward
167,3.34,39,0.6525,1436.2,650.77,1472.23,739.57,1454.22,739.57,True,central_corridor
167,3.34,47,0.6039,286.23,579.61,314.41,649.07,300.32,649.07,True,left_pocket
167,3.34,18,0.4025,1470.37,638.52,1506.33,737.83,1488.35,737.83,True,central_corridor
167,3.34,35,0.5256,626.7,666.78,666.51,754.28,646.61,754.28,True,left_pocket
167,3.34,64,0.5825,553.07,665.44,582.95,750.42,568.01,750.42,True,left_pocket
167,3.34,17,0.4449,1272.1,496.9,1295.57,552.3,1283.83,552.3,True,central_corridor
167,3.34,66,0.4203,841.74,487.06,861.68,530.73,851.71,530.73,True,left_half_forward
167,3.34,65,0.3923,1244.03,746.19,1276.41,859.3,1260.22,859.3,True,central_corridor
168,3.36,2,0.6596,1465.68,847.91,1518.32,974.62,1492.0,974.62,False,outside
168,3.36,29,0.5597,1271.31,754.79,1312.52,887.71,1291.91,887.71,True,central_corridor
168,3.36,36,0.636,194.59,615.59,222.56,692.22,208.57,692.22,True,left_pocket
168,3.36,37,0.6572,885.92,588.51,914.87,657.97,900.39,657.97,True,left_half_forward
168,3.36,39,0.648,1436.65,651.07,1471.8,739.26,1454.22,739.26,True,central_corridor
168,3.36,47,0.6073,286.53,580.13,315.11,651.15,300.82,651.15,True,left_pocket
168,3.36,18,0.3902,1470.7,637.45,1506.24,737.18,1488.47,737.18,True,central_corridor
168,3.36,35,0.5492,625.99,666.57,665.27,754.49,645.63,754.49,True,left_pocket
168,3.36,64,0.5939,552.09,666.46,580.43,749.96,566.26,749.96,True,left_pocket
168,3.36,17,0.461,1272.28,497.3,1295.59,552.59,1283.93,552.59,True,central_corridor
168,3.36,66,0.4259,841.89,487.22,861.79,530.24,851.84,530.24,True,left_half_forward
168,3.36,65,0.3889,1243.21,746.52,1275.34,857.24,1259.28,857.24,True,central_corridor
168,3.36,67,0.3698,891.88,477.88,912.4,522.77,902.14,522.77,True,outside
169,3.38,2,0.6616,1465.57,847.76,1518.39,974.67,1491.98,974.67,False,outside
169,3.38,29,0.641,1271.72,755.85,1313.04,886.63,1292.38,886.63,True,central_corridor
169,3.38,36,0.6874,193.11,613.13,220.06,691.54,206.58,691.54,True,left_pocket
169,3.38,37,0.6364,886.33,587.93,914.98,658.26,900.66,658.26,True,left_half_forward
169,3.38,39,0.6094,1436.78,650.92,1472.29,739.48,1454.53,739.48,True,central_corridor
169,3.38,47,0.6033,287.59,581.37,315.82,651.38,301.71,651.38,True,left_pocket
169,3.38,18,0.3888,1470.66,639.91,1505.78,737.34,1488.22,737.34,True,central_corridor
169,3.38,35,0.6191,624.36,669.11,659.98,755.53,642.17,755.53,True,left_pocket
169,3.38,64,0.671,548.53,666.12,575.22,749.51,561.87,749.51,True,left_pocket
169,3.38,17,0.4978,1272.22,496.93,1295.77,553.54,1283.99,553.54,True,central_corridor
169,3.38,66,0.4142,841.52,486.06,862.14,529.79,851.83,529.79,True,left_half_forward
169,3.38,65,0.4575,1241.5,746.97,1273.5,857.82,1257.5,857.82,True,central_corridor
169,3.38,43,0.3613,782.47,513.57,809.19,571.64,795.83,571.64,True,left_half_forward
170,3.4,2,0.6733,1465.51,847.68,1518.43,974.77,1491.97,974.77,False,outside
170,3.4,29,0.6409,1271.98,756.48,1313.27,886.41,1292.62,886.41,True,central_corridor
170,3.4,36,0.6889,192.52,611.81,219.05,691.35,205.79,691.35,True,left_pocket
170,3.4,37,0.6353,886.42,587.62,915.15,658.35,900.78,658.35,True,left_half_forward
170,3.4,39,0.6132,1437.08,650.72,1472.54,739.55,1454.81,739.55,True,central_corridor
170,3.4,47,0.6023,288.13,581.85,315.93,651.24,302.03,651.24,True,left_pocket
170,3.4,18,0.4055,1470.68,640.46,1505.76,737.59,1488.22,737.59,True,central_corridor
170,3.4,35,0.6354,623.61,669.99,658.08,756.0,640.85,756.0,True,left_pocket
170,3.4,64,0.6706,547.23,666.01,573.46,749.56,560.34,749.56,True,left_pocket
170,3.4,17,0.4782,1272.16,496.73,1295.83,553.8,1283.99,553.8,True,central_corridor
170,3.4,66,0.4216,841.34,485.38,862.46,529.54,851.9,529.54,True,left_half_forward
170,3.4,65,0.4592,1240.83,747.11,1273.12,857.77,1256.98,857.77,True,central_corridor
170,3.4,43,0.3626,782.56,513.03,809.11,571.26,795.83,571.26,True,left_half_forward
170,3.4,41,0.3587,1121.76,554.77,1148.47,627.96,1135.11,627.96,True,left_half_forward
171,3.42,2,0.6264,1465.56,847.85,1518.36,974.78,1491.96,974.78,False,outside
171,3.42,29,0.5725,1272.45,758.63,1313.52,892.97,1292.99,892.97,True,central_corridor
171,3.42,36,0.6794,191.49,611.43,217.53,689.66,204.51,689.66,True,left_pocket
171,3.42,37,0.6461,887.21,587.98,915.77,658.2,901.49,658.2,True,left_half_forward
171,3.42,39,0.5295,1437.64,651.52,1472.45,739.92,1455.04,739.92,True,central_corridor
171,3.42,47,0.6437,288.79,581.06,315.78,650.22,302.29,650.22,True,left_pocket
171,3.42,18,0.351,1470.98,642.39,1505.47,738.65,1488.22,738.65,True,central_corridor
171,3.42,35,0.7186,622.3,672.04,653.86,756.02,638.08,756.02,True,left_pocket
171,3.42,64,0.5981,541.69,667.37,568.69,750.36,555.19,750.36,True,left_pocket
171,3.42,17,0.4896,1272.93,497.08,1296.13,554.66,1284.53,554.66,True,central_corridor
171,3.42,66,0.4057,842.71,485.77,863.0,529.34,852.86,529.34,True,left_half_forward
171,3.42,65,0.441,1239.13,746.42,1275.28,858.92,1257.2,858.92,True,central_corridor
171,3.42,43,0.3663,782.48,514.18,808.93,574.61,795.71,574.61,True,left_half_forward
171,3.42,41,0.3598,1122.17,554.35,1147.91,624.6,1135.04,624.6,True,left_half_forward
171,3.42,67,0.3778,893.55,475.21,913.06,522.9,903.31,522.9,True,outside
172,3.44,2,0.6126,1465.91,849.17,1517.66,975.21,1491.78,975.21,False,outside
172,3.44,29,0.5724,1272.41,758.96,1313.51,895.47,1292.96,895.47,True,central_corridor
172,3.44,36,0.6745,191.09,611.19,216.93,688.79,204.01,688.79,True,left_pocket
172,3.44,37,0.6382,887.41,588.2,915.81,658.06,901.61,658.06,True,left_half_forward
172,3.44,39,0.526,1437.71,651.63,1472.5,740.05,1455.11,740.05,True,central_corridor
172,3.44,47,0.6382,289.01,580.7,315.72,649.6,302.37,649.6,True,left_pocket
172,3.44,35,0.7158,622.08,673.06,652.19,755.96,637.13,755.96,True,left_pocket
172,3.44,64,0.5934,539.67,667.92,567.02,750.56,553.34,750.56,True,left_pocket
172,3.44,17,0.485,1273.2,497.51,1296.17,554.92,1284.68,554.92,True,central_corridor
172,3.44,66,0.4101,843.16,485.85,863.18,529.17,853.17,529.17,True,left_half_forward
172,3.44,65,0.4468,1238.53,746.29,1275.9,859.21,1257.22,859.21,True,central_corridor
172,3.44,43,0.3599,782.51,514.64,808.99,575.76,795.75,575.76,True,left_half_forward
172,3.44,41,0.3535,1122.29,554.1,1147.73,623.54,1135.01,623.54,True,left_half_forward
172,3.44,67,0.3797,893.73,475.05,912.96,522.92,903.34,522.92,True,outside
173,3.46,2,0.6105,1466.05,849.72,1517.51,975.35,1491.78,975.35,False,outside
173,3.46,29,0.5728,1272.34,758.89,1313.51,896.38,1292.93,896.38,True,central_corridor
173,3.46,36,0.6766,191.0,610.91,216.85,688.34,203.92,688.34,True,left_pocket
173,3.46,37,0.6386,887.49,588.24,915.88,657.98,901.68,657.98,True,left_half_forward
173,3.46,39,0.5288,1437.86,651.75,1472.42,740.16,1455.14,740.16,True,central_corridor
173,3.46,47,0.6455,289.0,580.53,315.6,649.47,302.3,649.47,True,left_pocket
173,3.46,35,0.7161,622.05,673.42,651.67,755.97,636.86,755.97,True,left_pocket
173,3.46,64,0.5851,539.08,668.04,566.49,750.68,552.78,750.68,True,left_pocket
173,3.46,17,0.4784,1273.39,497.45,1296.16,554.97,1284.77,554.97,True,central_corridor
173,3.46,66,0.407,843.2,486.04,863.21,529.08,853.21,529.08,True,left_half_forward
173,3.46,65,0.4433,1238.38,746.2,1276.26,859.37,1257.32,859.37,True,central_corridor
173,3.46,43,0.3599,782.54,514.88,809.01,575.83,795.78,575.83,True,left_half_forward
173,3.46,67,0.3943,893.87,475.02,912.95,522.9,903.41,522.9,True,outside
174,3.48,2,0.5867,1466.27,850.17,1517.41,975.4,1491.84,975.4,False,outside
174,3.48,29,0.5094,1274.13,766.37,1314.16,897.58,1294.14,897.58,True,central_corridor
174,3.48,36,0.6651,188.43,611.03,217.44,689.87,202.93,689.87,True,left_pocket
174,3.48,37,0.7175,886.76,588.61,915.69,662.68,901.22,662.68,True,left_half_forward
174,3.48,39,0.5767,1438.23,650.94,1471.38,741.35,1454.8,741.35,True,central_corridor
174,3.48,47,0.7079,288.51,580.6,315.65,651.01,302.08,651.01,True,left_pocket
174,3.48,35,0.7423,620.88,674.39,651.64,756.8,636.26,756.8,True,left_pocket
174,3.48,64,0.6076,534.6,665.03,563.02,746.88,548.81,746.88,True,left_pocket
174,3.48,17,0.5095,1273.56,496.96,1296.21,554.53,1284.89,554.53,True,central_corridor
174,3.48,66,0.4371,844.15,485.99,863.53,528.71,853.84,528.71,True,left_half_forward
174,3.48,65,0.4445,1239.34,747.06,1276.63,858.61,1257.98,858.61,True,central_corridor
174,3.48,43,0.4224,784.4,515.4,809.57,573.6,796.99,573.6,True,left_half_forward
174,3.48,18,0.3573,1472.12,646.0,1504.94,739.32,1488.53,739.32,True,central_corridor
174,3.48,41,0.3563,1123.27,554.43,1148.05,625.05,1135.66,625.05,True,left_half_forward
175,3.5,2,0.6306,1466.38,849.58,1517.45,975.64,1491.92,975.64,False,outside
175,3.5,29,0.5524,1275.9,768.95,1315.83,899.2,1295.86,899.2,True,central_corridor
175,3.5,36,0.5821,186.37,616.14,218.79,693.62,202.58,693.62,True,left_pocket
175,3.5,37,0.7238,886.63,589.36,915.37,664.25,901.0,664.25,True,left_half_forward
175,3.5,39,0.5907,1439.94,650.94,1470.55,741.55,1455.24,741.55,True,central_corridor
175,3.5,47,0.7337,288.58,580.95,315.55,651.3,302.06,651.3,True,left_pocket
175,3.5,35,0.7116,618.26,676.77,653.13,758.95,635.7,758.95,True,left_pocket
175,3.5,64,0.6705,527.46,665.33,561.12,750.05,544.29,750.05,True,left_pocket
175,3.5,17,0.5933,1274.67,496.2,1296.13,554.52,1285.4,554.52,True,central_corridor
175,3.5,66,0.3719,846.53,487.57,864.86,529.51,855.7,529.51,True,left_half_forward
175,3.5,65,0.5549,1238.75,747.03,1278.15,858.87,1258.45,858.87,True,central_corridor
175,3.5,43,0.4542,785.97,515.99,809.41,571.96,797.69,571.96,True,left_half_forward
175,3.5,18,0.3903,1472.33,645.39,1504.77,739.52,1488.55,739.52,True,central_corridor
175,3.5,41,0.3809,1124.6,554.64,1148.46,627.82,1136.53,627.82,True,left_half_forward
176,3.52,2,0.6249,1466.32,849.44,1517.47,975.72,1491.9,975.72,False,outside
176,3.52,29,0.5471,1276.55,770.02,1316.3,899.86,1296.42,899.86,True,central_corridor
176,3.52,36,0.5762,185.44,618.05,219.43,695.25,202.44,695.25,True,left_pocket
176,3.52,37,0.7201,886.72,589.53,915.34,664.68,901.03,664.68,True,left_half_forward
176,3.52,39,0.5921,1440.19,650.65,1470.16,741.48,1455.18,741.48,True,central_corridor
176,3.52,47,0.7409,288.49,580.92,315.54,651.18,302.01,651.18,True,left_pocket
176,3.52,35,0.7157,617.12,677.47,653.54,759.59,635.33,759.59,True,left_pocket
176,3.52,64,0.667,524.61,665.11,559.56,751.09,542.08,751.09,True,left_pocket
176,3.52,17,0.5955,1275.08,495.91,1296.02,554.62,1285.55,554.62,True,central_corridor
176,3.52,66,0.3801,847.22,487.24,865.28,529.68,856.25,529.68,True,left_half_forward
176,3.52,65,0.5523,1238.72,746.94,1278.54,858.77,1258.63,858.77,True,central_corridor
176,3.52,43,0.4568,786.36,516.1,809.27,571.29,797.81,571.29,True,left_half_forward
176,3.52,18,0.4065,1472.24,645.11,1504.73,739.48,1488.49,739.48,True,central_corridor
176,3.52,41,0.3667,1125.03,554.86,1148.41,628.71,1136.72,628.71,True,left_half_forward
177,3.54,2,0.6228,1466.17,849.35,1517.52,975.82,1491.85,975.82,False,outside
177,3.54,29,0.5493,1276.71,770.49,1316.45,899.6,1296.58,899.6,True,central_corridor
177,3.54,36,0.5703,185.17,619.02,219.45,695.8,202.31,695.8,True,left_pocket
177,3.54,37,0.7141,886.72,589.59,915.41,664.86,901.06,664.86,True,left_half_forward
177,3.54,39,0.5891,1440.3,650.59,1470.07,741.51,1455.19,741.51,True,central_corridor
177,3.54,47,0.7453,288.4,580.71,315.48,651.3,301.94,651.3,True,left_pocket
177,3.54,35,0.7079,616.7,677.69,653.82,759.78,635.26,759.78,True,left_pocket
177,3.54,64,0.6689,523.66,664.92,559.03,751.41,541.35,751.41,True,left_pocket
177,3.54,17,0.5878,1275.28,495.73,1295.95,554.59,1285.62,554.59,True,central_corridor
177,3.54,66,0.3845,847.39,487.11,865.47,529.93,856.43,529.93,True,left_half_forward
177,3.54,65,0.5471,1238.75,746.83,1278.73,858.76,1258.74,858.76,True,central_corridor
177,3.54,43,0.4457,786.09,516.23,809.32,571.62,797.7,571.62,True,left_half_forward
177,3.54,18,0.3973,1472.21,645.37,1504.72,739.4,1488.47,739.4,True,central_corridor
177,3.54,41,0.3625,1125.14,554.75,1148.25,629.07,1136.69,629.07,True,left_half_forward
178,3.56,2,0.6203,1466.62,849.48,1517.3,975.72,1491.96,975.72,False,outside
178,3.56,29,0.5889,1280.65,776.16,1318.19,900.89,1299.42,900.89,True,central_corridor
178,3.56,36,0.6346,184.29,619.42,220.97,697.83,202.63,697.83,True,left_pocket
178,3.56,37,0.7396,885.93,590.23,915.88,665.06,900.91,665.06,True,left_half_forward
178,3.56,39,0.6109,1440.61,651.17,1470.39,742.4,1455.5,742.4,True,central_corridor
178,3.56,47,0.7243,288.81,580.47,315.97,651.67,302.39,651.67,True,left_pocket
178,3.56,35,0.7055,615.04,678.26,649.66,760.39,632.35,760.39,True,left_pocket
178,3.56,64,0.6332,517.77,662.59,561.37,752.8,539.57,752.8,True,left_pocket
178,3.56,17,0.564,1275.77,495.44,1296.21,554.06,1285.99,554.06,True,central_corridor
178,3.56,65,0.6132,1237.94,745.24,1281.08,860.26,1259.51,860.26,True,central_corridor
178,3.56,43,0.4457,785.73,516.78,809.7,571.95,797.71,571.95,True,left_half_forward
178,3.56,18,0.3832,1470.84,646.79,1502.44,741.07,1486.64,741.07,True,central_corridor
179,3.58,2,0.6222,1467.67,850.19,1517.05,975.79,1492.36,975.79,False,outside
179,3.58,29,0.5698,1281.83,778.99,1321.29,902.13,1301.56,902.13,True,central_corridor
179,3.58,36,0.6626,183.36,618.82,222.58,699.2,202.97,699.2,True,left_pocket
179,3.58,37,0.7284,885.79,590.77,915.78,664.63,900.78,664.63,True,left_half_forward
179,3.58,39,0.5725,1441.21,651.27,1469.87,742.32,1455.54,742.32,True,central_corridor
179,3.58,47,0.6664,289.58,581.77,317.83,660.5,303.7,660.5,True,left_pocket
179,3.58,35,0.7427,610.82,677.32,646.92,762.28,628.87,762.28,True,left_pocket
179,3.58,64,0.6495,510.54,662.87,559.07,754.47,534.8,754.47,True,left_pocket
179,3.58,17,0.5018,1278.25,495.75,1296.8,552.38,1287.52,552.38,True,central_corridor
179,3.58,65,0.5866,1237.75,745.87,1282.76,861.15,1260.26,861.15,True,central_corridor
179,3.58,43,0.4534,785.53,516.78,809.59,573.22,797.56,573.22,True,left_half_forward
179,3.58,18,0.4369,1469.42,648.31,1501.39,742.29,1485.4,742.29,True,central_corridor
180,3.6,2,0.6176,1467.9,850.42,1516.85,975.66,1492.37,975.66,False,outside
180,3.6,29,0.5653,1282.26,780.02,1322.38,902.63,1302.32,902.63,True,central_corridor
180,3.6,36,0.6582,182.96,618.51,223.41,699.4,203.18,699.4,True,left_pocket
180,3.6,37,0.7298,885.68,590.86,915.53,664.7,900.61,664.7,True,left_half_forward
180,3.6,39,0.5782,1441.46,651.04,1469.94,742.08,1455.7,742.08,True,central_corridor
180,3.6,47,0.6646,289.71,582.21,318.64,663.91,304.17,663.91,True,left_pocket
180,3.6,35,0.7357,609.12,677.02,645.83,763.04,627.48,763.04,True,left_pocket
180,3.6,64,0.6526,507.46,663.02,558.97,755.11,533.21,755.11,True,left_pocket
180,3.6,17,0.4983,1279.12,495.79,1297.21,551.79,1288.17,551.79,True,central_corridor
180,3.6,65,0.5952,1237.39,745.85,1283.34,861.41,1260.36,861.41,True,central_corridor
180,3.6,43,0.4469,785.44,516.68,809.67,573.43,797.56,573.43,True,left_half_forward
180,3.6,18,0.4357,1468.96,648.61,1501.13,742.72,1485.04,742.72,True,central_corridor
181,3.62,2,0.6354,1467.58,849.73,1517.15,975.12,1492.37,975.12,False,outside
181,3.62,29,0.6025,1283.57,780.86,1323.9,903.54,1303.73,903.54,True,central_corridor
181,3.62,36,0.6432,181.78,622.29,224.2,700.52,202.99,700.52,True,left_pocket
181,3.62,37,0.7303,885.76,590.93,915.35,664.76,900.55,664.76,True,left_half_forward
181,3.62,39,0.5979,1442.99,652.95,1470.29,743.28,1456.64,743.28,True,central_corridor
181,3.62,47,0.6941,290.11,585.16,319.94,668.72,305.03,668.72,True,left_pocket
181,3.62,35,0.7439,607.83,676.85,644.25,765.48,626.04,765.48,True,left_pocket
181,3.62,64,0.5622,500.81,664.28,551.64,753.73,526.22,753.73,True,left_pocket
181,3.62,17,0.491,1279.21,495.74,1297.83,550.81,1288.52,550.81,True,central_corridor
181,3.62,65,0.6127,1238.35,749.15,1283.28,861.65,1260.82,861.65,True,central_corridor
181,3.62,43,0.4617,785.65,517.09,810.12,574.21,797.88,574.21,True,left_half_forward
181,3.62,18,0.4221,1469.73,649.55,1500.51,742.92,1485.12,742.92,True,central_corridor
182,3.64,2,0.6417,1467.42,849.32,1517.28,974.96,1492.35,974.96,False,outside
182,3.64,29,0.5955,1284.17,781.09,1324.52,903.48,1304.34,903.48,True,central_corridor
182,3.64,36,0.6387,181.32,623.37,224.47,700.85,202.89,700.85,True,left_pocket
182,3.64,37,0.73,885.68,590.89,915.33,665.11,900.51,665.11,True,left_half_forward
182,3.64,39,0.5991,1443.48,653.65,1470.36,743.89,1456.92,743.89,True,central_corridor
182,3.64,47,0.6966,290.4,586.31,320.33,670.03,305.37,670.03,True,left_pocket
182,3.64,35,0.7446,607.21,676.39,643.92,766.13,625.56,766.13,True,left_pocket
182,3.64,64,0.579,498.0,664.63,549.95,753.8,523.98,753.8,True,left_pocket
182,3.64,17,0.4797,1279.27,495.49,1297.97,549.91,1288.62,549.91,True,central_corridor
182,3.64,65,0.6108,1238.72,750.26,1283.35,861.55,1261.04,861.55,True,central_corridor
182,3.64,43,0.4545,785.64,517.2,810.07,574.46,797.85,574.46,True,left_half_forward
182,3.64,18,0.4168,1470.03,649.76,1500.17,743.07,1485.1,743.07,True,central_corridor
183,3.66,2,0.6535,1467.49,849.13,1517.41,975.14,1492.45,975.14,False,outside
183,3.66,29,0.5963,1284.41,781.37,1324.81,903.35,1304.61,903.35,True,central_corridor
183,3.66,36,0.635,181.21,623.86,224.66,701.04,202.94,701.04,True,left_pocket
183,3.66,37,0.7279,885.63,590.79,915.33,665.2,900.48,665.2,True,left_half_forward
183,3.66,39,0.5982,1443.6,654.03,1470.57,744.59,1457.09,744.59,True,central_corridor
183,3.66,47,0.6955,290.49,586.56,320.54,670.83,305.52,670.83,True,left_pocket
183,3.66,35,0.7484,607.09,676.23,644.07,766.29,625.58,766.29,True,left_pocket
183,3.66,64,0.5846,496.9,664.78,549.76,754.08,523.33,754.08,True,left_pocket
183,3.66,17,0.4864,1279.38,495.6,1297.98,549.89,1288.68,549.89,True,central_corridor
183,3.66,65,0.6131,1240.06,750.69,1284.49,862.21,1262.28,862.21,True,central_corridor
183,3.66,43,0.4514,785.72,517.21,809.91,574.05,797.82,574.05,True,left_half_forward
183,3.66,18,0.3982,1470.17,649.91,1500.17,743.49,1485.17,743.49,True,central_corridor
183,3.66,69,0.3633,505.23,665.5,541.0,752.01,523.11,752.01,True,left_pocket
184,3.68,2,0.6251,1467.57,848.01,1517.53,975.38,1492.55,975.38,False,outside
184,3.68,29,0.5575,1285.71,784.81,1324.55,902.96,1305.13,902.96,True,central_corridor
184,3.68,36,0.6354,179.65,623.3,225.01,700.89,202.33,700.89,True,left_pocket
184,3.68,37,0.7332,886.29,590.9,914.16,664.6,900.22,664.6,True,left_half_forward
184,3.68,39,0.5881,1443.87,654.93,1470.87,745.02,1457.37,745.02,True,central_corridor
184,3.68,47,0.6692,291.2,589.83,319.83,668.87,305.51,668.87,True,left_pocket
184,3.68,35,0.7453,604.15,676.62,642.08,765.83,623.12,765.83,True,left_pocket
184,3.68,64,0.6928,494.4,668.95,539.71,755.71,517.06,755.71,True,left_pocket
184,3.68,17,0.4411,1279.93,495.4,1298.44,551.22,1289.18,551.22,True,central_corridor
184,3.68,65,0.5603,1241.91,751.82,1284.79,862.6,1263.35,862.6,True,central_corridor
184,3.68,43,0.511,785.91,516.84,810.4,575.09,798.15,575.09,True,left_half_forward
184,3.68,18,0.4021,1469.0,651.08,1500.19,744.43,1484.59,744.43,True,central_corridor
185,3.7,2,0.6553,1467.26,847.31,1517.38,975.12,1492.32,975.12,False,outside
185,3.7,29,0.603,1285.84,786.56,1326.46,901.74,1306.15,901.74,True,central_corridor
185,3.7,36,0.5568,178.25,625.01,224.37,700.0,201.31,700.0,True,left_pocket
185,3.7,37,0.7447,886.59,590.96,914.13,664.28,900.36,664.28,True,left_half_forward
185,3.7,39,0.5249,1444.58,655.66,1472.79,746.95,1458.68,746.95,True,central_corridor
185,3.7,47,0.6355,291.72,591.64,320.73,666.85,306.23,666.85,True,left_pocket
185,3.7,35,0.7739,602.7,678.13,637.54,768.22,620.12,768.22,True,left_pocket
185,3.7,64,0.6436,491.77,670.56,530.81,755.11,511.29,755.11,True,left_pocket
185,3.7,17,0.5421,1280.59,496.06,1299.61,549.31,1290.1,549.31,True,central_corridor
185,3.7,65,0.5686,1243.42,752.84,1287.6,861.9,1265.51,861.9,True,central_corridor
185,3.7,43,0.5034,786.25,516.41,811.09,575.11,798.67,575.11,True,left_half_forward
185,3.7,18,0.3836,1466.12,649.5,1498.3,745.39,1482.21,745.39,True,central_corridor
185,3.7,70,0.395,649.23,469.92,671.17,520.0,660.2,520.0,False,outside
186,3.72,2,0.6683,1467.06,846.87,1517.31,974.94,1492.18,974.94,False,outside
186,3.72,29,0.5956,1285.8,786.45,1327.04,901.11,1306.42,901.11,True,central_corridor
186,3.72,36,0.544,177.73,625.27,223.96,699.72,200.84,699.72,True,left_pocket
186,3.72,37,0.7495,886.59,590.9,914.17,663.86,900.38,663.86,True,left_half_forward
186,3.72,39,0.5257,1444.8,656.02,1473.25,747.43,1459.02,747.43,True,central_corridor
186,3.72,47,0.6398,291.86,592.19,320.83,665.34,306.35,665.34,True,left_pocket
186,3.72,35,0.7673,602.1,678.57,635.9,768.95,619.0,768.95,True,left_pocket
186,3.72,64,0.6477,490.84,670.98,527.91,755.13,509.37,755.13,True,left_pocket
186,3.72,17,0.5546,1280.83,496.1,1300.0,548.65,1290.42,548.65,True,central_corridor
186,3.72,65,0.5686,1244.0,753.3,1288.6,861.56,1266.3,861.56,True,central_corridor
186,3.72,43,0.5145,786.17,516.26,810.95,575.07,798.56,575.07,True,left_half_forward
186,3.72,18,0.3972,1467.22,649.77,1499.19,745.27,1483.2,745.27,True,central_corridor
186,3.72,70,0.3917,649.32,470.27,671.22,519.89,660.27,519.89,False,outside
187,3.74,2,0.6898,1467.19,845.39,1517.13,975.19,1492.16,975.19,False,outside
187,3.74,29,0.6551,1286.47,785.9,1328.79,902.58,1307.63,902.58,True,central_corridor
187,3.74,36,0.6395,176.18,624.3,217.95,698.86,197.07,698.86,True,left_pocket
187,3.74,37,0.7584,886.94,590.93,914.13,664.11,900.54,664.11,True,left_half_forward
187,3.74,39,0.475,1444.96,657.52,1473.51,749.52,1459.24,749.52,True,central_corridor
187,3.74,47,0.6311,291.52,592.67,322.52,663.99,307.02,663.99,True,left_pocket
187,3.74,35,0.761,600.34,679.52,632.28,770.38,616.31,770.38,True,left_pocket
187,3.74,64,0.6194,488.64,672.95,523.41,755.75,506.03,755.75,True,left_pocket
187,3.74,17,0.5771,1281.54,496.06,1300.77,550.53,1291.16,550.53,True,central_corridor
187,3.74,65,0.5907,1244.15,755.62,1285.97,861.67,1265.06,861.67,True,central_corridor
187,3.74,43,0.5378,786.77,515.59,811.04,575.09,798.9,575.09,True,left_half_forward
187,3.74,18,0.3605,1465.33,648.8,1498.17,747.73,1481.75,747.73,True,central_corridor
187,3.74,70,0.3767,649.44,471.53,671.51,520.63,660.48,520.63,False,outside
188,3.76,2,0.6901,1467.23,844.84,1517.1,975.27,1492.16,975.27,False,outside
188,3.76,29,0.6537,1286.67,785.63,1329.38,903.27,1308.02,903.27,True,central_corridor
188,3.76,36,0.632,175.35,624.19,216.0,698.48,195.67,698.48,True,left_pocket
188,3.76,37,0.7635,887.04,590.78,913.99,664.43,900.51,664.43,True,left_half_forward
188,3.76,39,0.4953,1444.83,658.13,1473.25,749.87,1459.04,749.87,True,central_corridor
188,3.76,47,0.6288,291.2,592.91,323.14,663.15,307.17,663.15,True,left_pocket
188,3.76,35,0.7586,599.69,679.63,631.24,770.95,615.47,770.95,True,left_pocket
188,3.76,64,0.6241,488.11,673.7,521.51,756.37,504.81,756.37,True,left_pocket
188,3.76,17,0.5714,1281.78,495.84,1300.95,551.42,1291.37,551.42,True,central_corridor
188,3.76,65,0.5809,1244.28,756.4,1285.18,861.66,1264.73,861.66,True,central_corridor
188,3.76,43,0.5288,786.8,515.3,810.95,574.99,798.88,574.99,True,left_half_forward
188,3.76,18,0.3707,1466.69,649.35,1499.05,747.7,1482.87,747.7,True,central_corridor
188,3.76,70,0.3961,649.44,471.16,671.62,520.99,660.53,520.99,False,outside
189,3.78,2,0.6834,1467.0,843.22,1517.57,975.15,1492.29,975.15,False,outside
189,3.78,29,0.614,1286.35,788.47,1330.47,904.23,1308.41,904.23,True,central_corridor
189,3.78,36,0.5993,173.61,626.83,210.12,700.74,191.86,700.74,True,left_pocket
189,3.78,37,0.7298,887.48,590.66,914.39,663.89,900.93,663.89,True,left_half_forward
189,3.78,39,0.499,1445.03,657.97,1473.08,749.86,1459.05,749.86,True,central_corridor
189,3.78,47,0.6539,291.88,593.5,322.73,665.41,307.3,665.41,True,left_pocket
189,3.78,35,0.7684,596.72,681.89,626.45,770.5,611.58,770.5,True,left_pocket
189,3.78,64,0.6691,486.19,673.55,517.18,756.0,501.68,756.0,True,left_pocket
189,3.78,17,0.5009,1281.88,495.43,1301.11,552.41,1291.49,552.41,True,central_corridor
189,3.78,65,0.5323,1245.31,756.03,1287.15,861.53,1266.23,861.53,True,central_corridor
189,3.78,43,0.5157,786.81,515.26,811.36,576.39,799.08,576.39,True,left_half_forward
189,3.78,70,0.4255,649.49,466.38,672.15,521.17,660.82,521.17,False,outside
190,3.8,2,0.6899,1466.83,842.26,1517.65,975.12,1492.24,975.12,False,outside
190,3.8,29,0.6144,1286.14,789.15,1330.94,904.38,1308.54,904.38,True,central_corridor
190,3.8,36,0.6015,173.09,627.79,208.5,701.39,190.8,701.39,True,left_pocket
190,3.8,37,0.7343,887.5,590.56,914.55,663.83,901.03,663.83,True,left_half_forward
190,3.8,39,0.4988,1444.95,657.98,1472.98,749.89,1458.97,749.89,True,central_corridor
190,3.8,47,0.6586,292.11,593.48,322.71,666.26,307.41,666.26,True,left_pocket
190,3.8,35,0.7611,595.63,682.83,624.47,770.38,610.05,770.38,True,left_pocket
190,3.8,64,0.6684,485.62,673.54,515.88,755.98,500.75,755.98,True,left_pocket
190,3.8,17,0.5051,1281.85,495.21,1301.02,552.62,1291.44,552.62,True,central_corridor
190,3.8,65,0.534,1245.57,755.79,1288.1,861.41,1266.84,861.41,True,central_corridor
190,3.8,43,0.5156,786.63,515.2,811.43,576.88,799.03,576.88,True,left_half_forward
190,3.8,70,0.4231,649.67,464.77,672.38,521.25,661.02,521.25,False,outside
191,3.82,2,0.6229,1466.85,840.38,1517.14,975.13,1492.0,975.13,False,outside
191,3.82,29,0.7043,1287.04,788.16,1332.73,906.27,1309.88,906.27,True,central_corridor
191,3.82,36,0.6278,171.4,629.97,202.59,704.32,186.99,704.32,True,left_pocket
191,3.82,37,0.74,887.13,590.64,914.62,664.22,900.87,664.22,True,left_half_forward
191,3.82,39,0.5291,1444.57,658.83,1471.62,748.96,1458.09,748.96,True,central_corridor
191,3.82,47,0.6585,292.07,593.23,321.7,666.76,306.88,666.76,True,left_pocket
191,3.82,35,0.7685,594.55,684.21,622.7,769.56,608.63,769.56,True,left_pocket
191,3.82,64,0.7417,482.19,673.48,510.03,755.4,496.11,755.4,True,left_pocket
191,3.82,17,0.5411,1281.92,495.79,1301.53,549.41,1291.72,549.41,True,central_corridor
191,3.82,65,0.509,1245.69,756.36,1287.75,862.47,1266.72,862.47,True,central_corridor
191,3.82,43,0.4952,787.99,515.88,811.43,576.07,799.71,576.07,True,left_half_forward
191,3.82,70,0.3535,649.96,466.76,672.56,522.27,661.26,522.27,False,outside
191,3.82,18,0.3768,1468.39,649.79,1499.9,747.35,1484.15,747.35,True,central_corridor
192,3.84,2,0.6392,1466.82,839.76,1516.91,975.17,1491.86,975.17,False,outside
192,3.84,29,0.7093,1287.21,787.83,1333.34,906.87,1310.28,906.87,True,central_corridor
192,3.84,36,0.6225,170.8,630.37,200.71,705.47,185.75,705.47,True,left_pocket
192,3.84,37,0.7352,886.95,590.68,914.6,664.51,900.77,664.51,True,left_half_forward
192,3.84,39,0.5338,1444.16,659.18,1470.98,748.59,1457.57,748.59,True,central_corridor
192,3.84,47,0.6517,292.09,593.59,321.29,666.8,306.69,666.8,True,left_pocket
192,3.84,35,0.767,594.3,684.6,622.34,769.2,608.32,769.2,True,left_pocket
192,3.84,64,0.7407,480.8,673.37,507.65,755.78,494.23,755.78,True,left_pocket
192,3.84,17,0.5319,1281.85,495.65,1301.73,547.66,1291.79,547.66,True,central_corridor
192,3.84,65,0.5138,1245.63,756.32,1287.54,863.02,1266.59,863.02,True,central_corridor
192,3.84,43,0.4969,788.54,515.83,811.77,576.02,800.15,576.02,True,left_half_forward
192,3.84,70,0.3583,650.18,467.14,672.65,522.85,661.41,522.85,False,outside
192,3.84,18,0.379,1468.65,650.06,1500.02,747.16,1484.33,747.16,True,central_corridor
193,3.86,2,0.5788,1467.24,838.96,1517.4,974.51,1492.32,974.51,False,outside
193,3.86,29,0.7241,1287.75,788.55,1336.58,907.11,1312.16,907.11,True,central_corridor
193,3.86,36,0.7521,168.07,631.01,198.55,705.34,183.31,705.34,True,left_pocket
193,3.86,37,0.7366,886.43,590.85,914.15,666.35,900.29,666.35,True,left_half_forward
193,3.86,39,0.5039,1444.27,659.3,1470.72,748.38,1457.5,748.38,True,central_corridor
193,3.86,47,0.6173,291.93,593.58,321.05,671.13,306.49,671.13,True,left_pocket
193,3.86,35,0.7627,591.81,685.41,620.65,769.98,606.23,769.98,True,left_pocket
193,3.86,64,0.7672,476.5,674.41,505.71,759.23,491.11,759.23,True,left_pocket
193,3.86,17,0.4856,1282.01,496.38,1302.44,547.47,1292.23,547.47,True,central_corridor
193,3.86,65,0.5015,1246.34,756.54,1289.66,863.5,1268.0,863.5,True,central_corridor
193,3.86,43,0.443,788.7,517.02,812.74,575.64,800.72,575.64,True,left_half_forward
193,3.86,70,0.3814,652.11,468.83,672.94,522.58,662.53,522.58,False,outside
193,3.86,18,0.3609,1464.45,650.52,1499.79,748.85,1482.12,748.85,True,central_corridor
194,3.88,2,0.5923,1467.32,838.66,1517.54,974.08,1492.43,974.08,False,outside
194,3.88,29,0.719,1287.81,788.71,1337.79,907.11,1312.8,907.11,True,central_corridor
194,3.88,36,0.7516,167.27,631.2,197.86,705.31,182.57,705.31,True,left_pocket
194,3.88,37,0.7369,886.19,590.79,913.98,666.95,900.09,666.95,True,left_half_forward
194,3.88,39,0.4986,1444.21,659.28,1470.52,748.36,1457.36,748.36,True,central_corridor
194,3.88,47,0.6115,291.87,593.52,320.97,672.91,306.42,672.91,True,left_pocket
194,3.88,35,0.768,590.76,685.75,620.22,770.2,605.49,770.2,True,left_pocket
194,3.88,64,0.7661,475.11,674.53,505.16,760.41,490.13,760.41,True,left_pocket
194,3.88,17,0.4804,1281.99,497.03,1302.74,547.46,1292.37,547.46,True,central_corridor
194,3.88,65,0.4937,1246.71,756.57,1290.32,863.74,1268.51,863.74,True,central_corridor
194,3.88,43,0.4623,788.67,517.4,813.08,575.78,800.87,575.78,True,left_half_forward
194,3.88,70,0.376,652.88,469.6,672.91,522.39,662.89,522.39,False,outside
194,3.88,18,0.366,1465.92,651.81,1500.34,749.6,1483.13,749.6,True,central_corridor
195,3.9,2,0.5352,1466.95,837.86,1518.1,974.89,1492.53,974.89,False,outside
195,3.9,29,0.71,1287.72,787.59,1339.96,908.99,1313.84,908.99,True,central_corridor
195,3.9,36,0.7202,163.67,631.42,196.46,704.57,180.06,704.57,True,left_pocket
195,3.9,37,0.7284,886.3,591.09,913.37,666.97,899.83,666.97,True,left_half_forward
195,3.9,39,0.4655,1444.49,659.94,1470.82,748.6,1457.65,748.6,True,central_corridor
195,3.9,47,0.6703,291.77,593.98,321.55,675.94,306.66,675.94,True,left_pocket
195,3.9,35,0.7556,588.92,685.19,618.41,769.95,603.66,769.95,True,left_pocket
195,3.9,64,0.6919,470.09,673.74,502.61,760.62,486.35,760.62,True,left_pocket
195,3.9,17,0.4306,1282.39,498.71,1302.98,550.08,1292.68,550.08,True,central_corridor
195,3.9,65,0.5763,1246.68,756.87,1290.96,864.66,1268.82,864.66,True,central_corridor
195,3.9,43,0.4565,789.45,517.37,813.87,573.76,801.66,573.76,True,left_half_forward
195,3.9,70,0.3931,654.75,469.12,674.31,521.3,664.53,521.3,False,outside
195,3.9,18,0.3709,1467.35,652.63,1499.57,749.47,1483.46,749.47,True,central_corridor
196,3.92,2,0.5406,1466.75,837.65,1518.23,975.1,1492.49,975.1,False,outside
196,3.92,29,0.712,1287.49,787.01,1340.69,909.64,1314.09,909.64,True,central_corridor
196,3.92,36,0.7272,162.4,631.26,196.19,704.12,179.3,704.12,True,left_pocket
196,3.92,37,0.7412,886.23,591.14,913.33,667.2,899.78,667.2,True,left_half_forward
196,3.92,39,0.4639,1444.54,660.01,1470.89,748.55,1457.72,748.55,True,central_corridor
196,3.92,47,0.6776,291.67,594.06,321.83,677.04,306.75,677.04,True,left_pocket
196,3.92,35,0.7514,588.33,684.84,617.79,769.57,603.06,769.57,True,left_pocket
196,3.92,64,0.6934,468.23,673.45,501.9,760.7,485.07,760.7,True,left_pocket
196,3.92,17,0.4297,1282.5,499.46,1303.02,551.1,1292.76,551.1,True,central_corridor
196,3.92,65,0.5817,1246.54,756.77,1291.06,864.67,1268.8,864.67,True,central_corridor
196,3.92,43,0.4693,789.69,517.1,814.14,573.18,801.91,573.18,True,left_half_forward
196,3.92,70,0.4049,655.54,468.9,675.22,520.76,665.38,520.76,False,outside
196,3.92,18,0.3731,1467.79,652.86,1499.19,749.34,1483.49,749.34,True,central_corridor
197,3.94,2,0.5407,1466.82,837.52,1518.31,975.37,1492.57,975.37,False,outside
197,3.94,29,0.7075,1287.37,786.64,1340.9,909.84,1314.13,909.84,True,central_corridor
197,3.94,36,0.7238,162.0,631.1,196.28,703.82,179.14,703.82,True,left_pocket
197,3.94,37,0.7423,886.24,591.16,913.1,667.25,899.67,667.25,True,left_half_forward
197,3.94,39,0.4623,1444.47,659.94,1470.89,748.75,1457.68,748.75,True,central_corridor
197,3.94,47,0.6678,291.61,594.0,321.97,677.26,306.79,677.26,True,left_pocket
197,3.94,35,0.7487,588.18,684.67,617.63,769.5,602.9,769.5,True,left_pocket
197,3.94,64,0.6985,467.81,673.35,501.8,761.09,484.8,761.09,True,left_pocket
197,3.94,17,0.4413,1282.53,499.71,1302.96,551.03,1292.74,551.03,True,central_corridor
197,3.94,65,0.5889,1246.39,756.75,1291.1,864.7,1268.75,864.7,True,central_corridor
197,3.94,43,0.4524,789.77,517.11,814.27,572.84,802.02,572.84,True,left_half_forward
197,3.94,70,0.4006,655.73,468.49,675.61,520.55,665.67,520.55,False,outside
197,3.94,18,0.3667,1468.06,652.91,1499.07,749.42,1483.57,749.42,True,central_corridor
198,3.96,2,0.5372,1467.8,837.56,1518.33,975.0,1493.06,975.0,False,outside
198,3.96,29,0.7121,1286.71,785.94,1343.29,910.13,1315.0,910.13,True,central_corridor
198,3.96,36,0.6552,160.12,631.08,195.25,703.23,177.68,703.23,True,left_pocket
198,3.96,37,0.7247,885.52,591.62,913.52,668.41,899.52,668.41,True,left_half_forward
198,3.96,39,0.4815,1445.02,658.74,1472.0,750.15,1458.51,750.15,True,central_corridor
198,3.96,47,0.6888,291.7,595.54,321.79,676.07,306.75,676.07,True,left_pocket
198,3.96,35,0.6914,586.38,684.03,617.26,771.69,601.82,771.69,True,left_pocket
198,3.96,64,0.6639,461.34,674.72,498.81,762.31,480.08,762.31,True,left_pocket
198,3.96,17,0.3786,1282.71,500.35,1303.41,550.85,1293.06,550.85,True,central_corridor
198,3.96,65,0.6321,1246.45,757.35,1292.26,864.31,1269.36,864.31,True,central_corridor
198,3.96,43,0.5071,790.2,516.24,814.5,574.42,802.35,574.42,True,left_half_forward
198,3.96,70,0.3536,655.85,468.79,677.39,521.56,666.62,521.56,False,outside
199,3.98,2,0.5532,1467.92,837.67,1517.57,974.94,1492.75,974.94,False,outside
199,3.98,29,0.7372,1287.21,786.17,1349.2,909.78,1318.21,909.78,True,central_corridor
199,3.98,36,0.5584,158.4,630.23,193.74,703.64,176.07,703.64,True,left_pocket
199,3.98,37,0.7445,884.92,591.76,914.26,668.55,899.59,668.55,True,left_half_forward
199,3.98,39,0.4203,1445.4,658.94,1472.12,751.18,1458.76,751.18,True,central_corridor
199,3.98,47,0.6754,290.64,597.67,321.92,675.88,306.28,675.88,True,left_pocket
199,3.98,35,0.7096,582.5,684.48,616.14,776.1,599.32,776.1,True,left_pocket
199,3.98,64,0.6443,457.41,678.13,494.6,761.0,476.0,761.0,True,left_pocket
199,3.98,65,0.557,1246.72,757.09,1293.2,865.78,1269.96,865.78,True,central_corridor
199,3.98,43,0.4762,790.53,516.91,814.67,572.52,802.6,572.52,True,left_half_forward
199,3.98,71,0.3504,320.28,478.28,336.15,520.31,328.21,520.31,False,outside
199,3.98,66,0.3766,861.03,484.45,882.13,529.53,871.58,529.53,True,left_half_forward
200,4.0,2,0.5598,1467.78,837.67,1517.21,974.84,1492.49,974.84,False,outside
200,4.0,29,0.7282,1287.33,786.84,1351.38,909.56,1319.35,909.56,True,central_corridor
200,4.0,36,0.5577,157.84,629.88,192.97,703.87,175.41,703.87,True,left_pocket
200,4.0,37,0.7285,884.76,591.77,914.55,668.29,899.66,668.29,True,left_half_forward
200,4.0,39,0.4312,1445.49,658.96,1472.23,752.09,1458.86,752.09,True,central_corridor
200,4.0,47,0.6827,290.57,598.35,322.02,675.93,306.3,675.93,True,left_pocket
200,4.0,35,0.7018,580.94,684.62,615.87,777.74,598.4,777.74,True,left_pocket
200,4.0,64,0.6418,455.9,679.62,492.95,759.79,474.43,759.79,True,left_pocket
200,4.0,65,0.5408,1246.66,756.88,1293.58,866.11,1270.12,866.11,True,central_corridor
200,4.0,43,0.481,790.65,517.14,814.66,571.9,802.65,571.9,True,left_half_forward
200,4.0,71,0.3511,320.41,478.57,336.28,520.34,328.35,520.34,False,outside
200,4.0,72,0.3721,1246.6,494.25,1266.12,545.66,1256.36,545.66,True,central_corridor
200,4.0,66,0.3764,861.18,484.15,882.45,530.02,871.82,530.02,True,left_half_forward
201,4.02,2,0.5563,1467.85,837.63,1517.06,974.8,1492.46,974.8,False,outside
201,4.02,29,0.7249,1287.27,787.16,1352.18,909.45,1319.72,909.45,True,central_corridor
201,4.02,36,0.5515,157.64,629.71,192.45,703.97,175.04,703.97,True,left_pocket
201,4.02,37,0.729,884.76,591.77,914.59,668.14,899.67,668.14,True,left_half_forward
201,4.02,39,0.4347,1445.53,659.07,1472.17,752.19,1458.85,752.19,True,central_corridor
201,4.02,47,0.6834,290.58,598.6,322.07,676.08,306.33,676.08,True,left_pocket
201,4.02,35,0.7052,580.43,684.74,616.01,778.34,598.22,778.34,True,left_pocket
201,4.02,64,0.6446,455.53,680.17,492.39,759.4,473.96,759.4,True,left_pocket
201,4.02,65,0.5444,1246.84,756.63,1293.76,866.23,1270.3,866.23,True,central_corridor
201,4.02,43,0.4793,790.6,517.11,814.61,571.7,802.61,571.7,True,left_half_forward
201,4.02,71,0.3555,320.46,478.74,336.3,520.42,328.38,520.42,False,outside
201,4.02,72,0.368,1246.57,494.31,1266.08,545.66,1256.32,545.66,True,central_corridor
201,4.02,66,0.3845,861.23,483.98,882.57,530.03,871.9,530.03,True,left_half_forward
202,4.04,2,0.5789,1468.65,837.69,1517.98,975.4,1493.32,975.4,False,outside
202,4.04,29,0.7675,1286.18,786.38,1353.0,909.36,1319.59,909.36,True,central_corridor
202,4.04,36,0.5619,154.44,628.89,189.92,704.58,172.18,704.58,True,left_pocket
202,4.04,37,0.7049,884.75,592.05,914.69,667.62,899.72,667.62,True,left_half_forward
202,4.04,39,0.4081,1446.05,659.89,1474.12,753.58,1460.09,753.58,True,central_corridor
202,4.04,47,0.7417,290.11,600.07,322.37,676.96,306.24,676.96,True,left_pocket
202,4.04,35,0.6279,579.46,685.1,615.25,777.83,597.35,777.83,True,left_pocket
202,4.04,64,0.7749,451.88,681.45,489.16,763.11,470.52,763.11,True,left_pocket
202,4.04,65,0.6474,1247.61,756.05,1295.27,867.13,1271.44,867.13,True,central_corridor
202,4.04,43,0.459,791.1,517.7,815.45,571.39,803.27,571.39,True,left_half_forward
202,4.04,66,0.3749,862.13,484.03,883.29,529.27,872.71,529.27,True,left_half_forward
203,4.06,2,0.5816,1468.58,837.07,1518.85,975.47,1493.72,975.47,False,outside
203,4.06,29,0.7605,1288.06,787.46,1354.62,909.52,1321.34,909.52,True,central_corridor
203,4.06,36,0.5315,150.18,628.23,188.16,706.23,169.17,706.23,True,left_pocket
203,4.06,37,0.7024,884.98,592.55,915.91,667.1,900.45,667.1,True,left_half_forward
203,4.06,39,0.3664,1446.69,659.86,1476.38,754.44,1461.54,754.44,True,central_corridor
203,4.06,47,0.7137,290.18,601.21,322.27,676.55,306.22,676.55,True,left_pocket
203,4.06,35,0.6071,578.18,686.83,611.62,779.32,594.9,779.32,True,left_pocket
203,4.06,64,0.8258,447.79,683.83,484.99,766.51,466.39,766.51,True,left_pocket
203,4.06,65,0.6667,1247.9,757.22,1295.78,870.03,1271.84,870.03,True,central_corridor
203,4.06,43,0.4625,791.53,517.58,815.79,571.36,803.66,571.36,True,left_half_forward
203,4.06,66,0.3547,862.61,484.6,885.8,529.46,874.2,529.46,True,left_half_forward
204,4.08,2,0.6128,1468.5,836.68,1519.21,975.42,1493.85,975.42,False,outside
204,4.08,29,0.7678,1288.79,788.25,1355.13,909.42,1321.96,909.42,True,central_corridor
204,4.08,36,0.5306,148.84,627.3,186.93,706.88,167.88,706.88,True,left_pocket
204,4.08,37,0.7173,885.07,592.7,916.18,666.94,900.62,666.94,True,left_half_forward
204,4.08,39,0.3645,1446.96,659.91,1477.16,754.96,1462.06,754.96,True,central_corridor
204,4.08,47,0.7164,290.32,601.61,322.31,675.95,306.32,675.95,True,left_pocket
204,4.08,35,0.5987,577.74,687.28,610.36,780.08,594.05,780.08,True,left_pocket
204,4.08,64,0.8263,446.46,684.52,483.35,767.92,464.9,767.92,True,left_pocket
204,4.08,65,0.6625,1248.08,757.7,1296.09,871.41,1272.08,871.41,True,central_corridor
204,4.08,43,0.4696,791.57,517.5,815.96,571.25,803.76,571.25,True,left_half_forward
204,4.08,66,0.3557,862.61,484.5,886.81,529.58,874.71,529.58,True,left_half_forward
204,4.08,73,0.3744,1451.1,655.84,1488.57,754.77,1469.83,754.77,True,central_corridor
204,4.08,74,0.3702,235.4,505.4,255.26,552.57,245.33,552.57,False,outside
205,4.1,2,0.552,1469.66,836.6,1519.62,974.54,1494.64,974.54,False,outside
205,4.1,29,0.6788,1291.15,790.46,1356.49,909.19,1323.82,909.19,True,central_corridor
205,4.1,36,0.5485,146.91,629.26,185.18,706.43,166.05,706.43,True,left_pocket
205,4.1,37,0.7155,886.9,593.34,915.12,666.75,901.01,666.75,True,left_half_forward
205,4.1,47,0.7242,290.56,602.24,321.79,675.93,306.18,675.93,True,left_pocket
205,4.1,35,0.698,575.78,689.3,607.6,781.29,591.69,781.29,True,left_pocket
205,4.1,64,0.8225,445.3,687.25,480.97,767.24,463.13,767.24,True,left_pocket
205,4.1,65,0.6439,1246.5,758.45,1295.6,870.56,1271.05,870.56,True,central_corridor
205,4.1,43,0.4304,791.92,518.51,816.16,572.24,804.04,572.24,True,left_half_forward
205,4.1,73,0.4247,1450.26,656.78,1489.82,755.62,1470.04,755.62,True,central_corridor
205,4.1,74,0.3563,235.13,505.44,255.51,552.74,245.32,552.74,False,outside
206,4.12,2,0.5457,1470.07,836.46,1519.8,973.96,1494.93,973.96,False,outside
206,4.12,29,0.6907,1292.04,791.49,1356.92,909.09,1324.48,909.09,True,central_corridor
206,4.12,36,0.5534,146.31,629.93,184.96,706.26,165.63,706.26,True,left_pocket
206,4.12,37,0.7131,887.6,593.53,914.77,666.43,901.19,666.43,True,left_half_forward
206,4.12,47,0.7224,290.69,602.32,321.73,675.4,306.21,675.4,True,left_pocket
206,4.12,35,0.7117,574.56,690.06,606.56,781.8,590.56,781.8,True,left_pocket
206,4.12,64,0.8222,444.93,688.11,480.07,766.79,462.5,766.79,True,left_pocket
206,4.12,65,0.6348,1245.6,758.52,1295.37,870.13,1270.48,870.13,True,central_corridor
206,4.12,43,0.4045,791.97,518.79,816.27,572.44,804.12,572.44,True,left_half_forward
206,4.12,73,0.4377,1449.75,657.19,1490.87,756.42,1470.31,756.42,True,central_corridor
206,4.12,74,0.3529,235.18,505.47,255.69,552.39,245.44,552.39,False,outside
207,4.14,2,0.5444,1470.24,836.37,1519.96,973.83,1495.1,973.83,False,outside
207,4.14,29,0.6908,1292.32,791.88,1357.04,909.01,1324.68,909.01,True,central_corridor
207,4.14,36,0.5552,146.12,630.18,185.09,706.07,165.6,706.07,True,left_pocket
207,4.14,37,0.7114,887.87,593.67,914.68,666.21,901.28,666.21,True,left_half_forward
207,4.14,47,0.7213,290.68,602.35,321.82,675.42,306.25,675.42,True,left_pocket
207,4.14,35,0.7103,574.14,690.38,606.37,782.12,590.25,782.12,True,left_pocket
207,4.14,64,0.8198,444.83,688.49,479.74,766.54,462.29,766.54,True,left_pocket
207,4.14,65,0.6344,1245.25,758.65,1295.4,869.86,1270.33,869.86,True,central_corridor
207,4.14,43,0.4166,791.86,518.99,816.3,572.74,804.08,572.74,True,left_half_forward
207,4.14,73,0.4395,1449.8,657.39,1491.32,756.72,1470.56,756.72,True,central_corridor
208,4.16,2,0.4701,1470.66,836.19,1520.43,974.71,1495.55,974.71,False,outside
208,4.16,29,0.7181,1294.13,794.32,1358.03,907.99,1326.08,907.99,True,central_corridor
208,4.16,36,0.6032,143.69,630.38,184.37,706.38,164.03,706.38,True,left_pocket
208,4.16,37,0.7517,888.34,593.81,914.88,667.36,901.61,667.36,True,left_half_forward
208,4.16,47,0.72,290.28,601.8,321.88,676.2,306.08,676.2,True,left_pocket
208,4.16,35,0.7598,573.3,692.31,605.36,781.9,589.33,781.9,True,left_pocket
208,4.16,64,0.7873,442.59,689.77,477.99,766.17,460.29,766.17,True,left_pocket
208,4.16,65,0.6297,1248.25,758.79,1296.55,873.67,1272.4,873.67,True,central_corridor
208,4.16,43,0.513,791.7,518.42,816.02,574.16,803.86,574.16,True,left_half_forward
208,4.16,73,0.4078,1451.44,656.8,1490.6,755.79,1471.02,755.79,True,central_corridor
209,4.18,2,0.4768,1471.1,836.18,1520.69,975.01,1495.89,975.01,False,outside
209,4.18,29,0.7247,1294.79,795.3,1358.35,907.77,1326.57,907.77,True,central_corridor
209,4.18,36,0.5936,142.93,630.57,183.79,706.4,163.36,706.4,True,left_pocket
209,4.18,37,0.7481,888.36,593.81,915.12,667.7,901.74,667.7,True,left_half_forward
209,4.18,47,0.7231,290.13,601.43,321.73,676.34,305.93,676.34,True,left_pocket
209,4.18,35,0.7674,573.06,692.7,604.88,781.6,588.97,781.6,True,left_pocket
209,4.18,64,0.7837,441.78,690.08,477.19,766.29,459.49,766.29,True,left_pocket
209,4.18,65,0.6376,1249.58,758.35,1297.11,874.98,1273.35,874.98,True,central_corridor
209,4.18,43,0.5072,791.69,518.1,815.88,574.65,803.79,574.65,True,left_half_forward
209,4.18,73,0.4073,1451.95,656.36,1490.23,755.44,1471.09,755.44,True,central_corridor
210,4.2,2,0.5172,1471.01,836.38,1521.4,975.89,1496.2,975.89,False,outside
210,4.2,29,0.7847,1299.87,795.37,1361.27,908.49,1330.57,908.49,True,central_corridor
210,4.2,36,0.637,142.62,629.9,180.64,707.38,161.63,707.38,True,left_pocket
210,4.2,37,0.7238,889.07,594.1,916.01,667.93,902.54,667.93,True,left_half_forward
210,4.2,47,0.7307,290.89,601.02,321.55,674.46,306.22,674.46,True,left_pocket
210,4.2,35,0.7623,572.39,693.6,603.87,780.92,588.13,780.92,True,left_pocket
210,4.2,64,0.7731,439.82,691.08,475.73,767.0,457.78,767.0,True,left_pocket
210,4.2,65,0.6749,1251.02,758.87,1298.12,877.14,1274.57,877.14,True,central_corridor
210,4.2,43,0.4617,792.45,518.16,815.63,573.39,804.04,573.39,True,left_half_forward
210,4.2,73,0.5118,1451.29,656.3,1491.31,756.31,1471.3,756.31,True,central_corridor
211,4.22,2,0.4068,1471.64,836.34,1521.67,976.32,1496.66,976.32,False,outside
211,4.22,29,0.702,1310.57,793.66,1365.28,908.1,1337.92,908.1,True,central_corridor
211,4.22,36,0.684,140.83,629.41,178.5,707.72,159.66,707.72,True,left_pocket
211,4.22,37,0.6903,890.25,593.88,916.05,667.02,903.15,667.02,True,left_half_forward
211,4.22,47,0.7445,291.42,600.42,321.53,679.15,306.47,679.15,True,left_pocket
211,4.22,35,0.7606,570.2,693.63,603.02,780.96,586.61,780.96,True,left_pocket
211,4.22,64,0.7281,436.92,690.36,473.43,770.87,455.17,770.87,True,left_pocket
211,4.22,65,0.6934,1250.61,758.84,1298.25,877.7,1274.43,877.7,True,central_corridor
211,4.22,43,0.4615,793.41,518.27,816.15,572.56,804.78,572.56,True,left_half_forward
211,4.22,73,0.5945,1451.81,656.45,1494.36,757.31,1473.09,757.31,True,central_corridor
211,4.22,72,0.4041,1246.79,492.2,1267.88,547.0,1257.34,547.0,True,central_corridor
212,4.24,2,0.3877,1471.83,836.28,1521.62,976.73,1496.72,976.73,False,outside
212,4.24,29,0.7183,1317.29,793.68,1367.86,906.86,1342.58,906.86,True,central_corridor
212,4.24,36,0.6854,140.17,629.03,178.0,708.26,159.09,708.26,True,left_pocket
212,4.24,37,0.6948,890.42,593.75,915.83,666.81,903.13,666.81,True,left_half_forward
212,4.24,47,0.7358,291.58,600.26,321.64,681.16,306.61,681.16,True,left_pocket
212,4.24,35,0.7563,569.17,693.73,602.79,780.77,585.98,780.77,True,left_pocket
212,4.24,64,0.7293,435.8,689.99,472.77,772.22,454.29,772.22,True,left_pocket
212,4.24,65,0.6879,1250.53,759.13,1298.16,877.79,1274.35,877.79,True,central_corridor
212,4.24,43,0.4633,793.61,518.45,816.29,572.28,804.95,572.28,True,left_half_forward
212,4.24,73,0.595,1451.92,656.43,1495.45,757.8,1473.68,757.8,True,central_corridor
212,4.24,75,0.4078,917.56,478.2,937.3,523.22,927.43,523.22,True,outside
212,4.24,72,0.415,1246.88,491.97,1267.95,547.01,1257.42,547.01,True,central_corridor
213,4.26,2,0.3944,1472.04,836.18,1521.66,977.04,1496.85,977.04,False,outside
213,4.26,29,0.72,1319.43,793.58,1368.7,906.41,1344.06,906.41,True,central_corridor
213,4.26,36,0.6878,139.97,628.9,177.81,708.63,158.89,708.63,True,left_pocket
213,4.26,37,0.693,890.34,593.84,915.84,666.76,903.09,666.76,True,left_half_forward
213,4.26,47,0.7337,291.55,600.17,321.75,681.96,306.65,681.96,True,left_pocket
213,4.26,35,0.7563,568.8,693.5,602.81,780.72,585.8,780.72,True,left_pocket
213,4.26,64,0.7204,435.4,689.7,472.55,772.93,453.97,772.93,True,left_pocket
213,4.26,65,0.694,1250.52,759.33,1297.99,877.74,1274.26,877.74,True,central_corridor
213,4.26,43,0.4798,793.68,518.43,816.54,572.27,805.11,572.27,True,left_half_forward
213,4.26,73,0.5997,1451.94,656.65,1495.69,757.97,1473.81,757.97,True,central_corridor
213,4.26,75,0.4003,917.51,478.24,937.29,523.22,927.4,523.22,True,outside
213,4.26,72,0.4122,1247.05,491.91,1267.98,546.88,1257.51,546.88,True,central_corridor
214,4.28,2,0.3825,1472.73,836.85,1521.91,977.45,1497.32,977.45,False,outside
214,4.28,29,0.7823,1323.26,791.87,1369.72,907.89,1346.49,907.89,True,central_corridor
214,4.28,36,0.726,137.72,628.24,172.75,708.36,155.24,708.36,True,left_pocket
214,4.28,37,0.6859,890.68,593.68,917.18,668.36,903.93,668.36,True,left_half_forward
214,4.28,47,0.706,291.3,600.09,322.4,682.11,306.85,682.11,True,left_pocket
214,4.28,35,0.7754,567.72,692.96,603.98,783.33,585.85,783.33,True,left_pocket
214,4.28,64,0.6305,434.65,691.07,470.95,774.85,452.8,774.85,True,left_pocket
214,4.28,65,0.6393,1249.37,759.73,1300.06,881.02,1274.72,881.02,True,central_corridor
214,4.28,43,0.5534,793.23,518.42,817.63,575.51,805.43,575.51,True,left_half_forward
214,4.28,73,0.5698,1452.15,657.43,1496.32,760.22,1474.23,760.22,True,central_corridor
214,4.28,75,0.3689,917.95,477.99,938.45,522.2,928.2,522.2,True,outside
214,4.28,72,0.4077,1248.88,492.2,1269.39,545.15,1259.13,545.15,True,central_corridor
214,4.28,17,0.4102,1291.65,501.69,1313.01,554.94,1302.33,554.94,True,central_corridor
215,4.3,2,0.4592,1474.32,838.36,1518.82,977.02,1496.57,977.02,False,outside
215,4.3,29,0.7393,1329.6,791.9,1372.75,909.32,1351.17,909.32,True,central_corridor
215,4.3,36,0.6954,136.34,627.61,169.42,707.36,152.88,707.36,True,left_pocket
215,4.3,37,0.6476,891.02,593.41,919.27,668.92,905.15,668.92,True,left_half_forward
215,4.3,47,0.727,291.43,600.92,322.41,682.65,306.92,682.65,True,left_pocket
215,4.3,35,0.7732,566.47,693.03,603.41,784.64,584.94,784.64,True,left_pocket
215,4.3,64,0.6643,430.02,693.13,468.16,777.96,449.09,777.96,True,left_pocket
215,4.3,65,0.6448,1246.37,759.68,1301.89,883.23,1274.13,883.23,True,central_corridor
215,4.3,43,0.5008,794.61,518.03,817.34,574.35,805.98,574.35,True,left_half_forward
215,4.3,73,0.629,1453.14,657.52,1497.03,760.79,1475.09,760.79,True,central_corridor
215,4.3,17,0.36,1291.9,501.68,1314.01,555.78,1302.95,555.78,True,central_corridor
216,4.32,2,0.4791,1474.71,838.79,1517.75,976.79,1496.23,976.79,False,outside
216,4.32,29,0.7365,1331.67,791.9,1373.84,909.84,1352.76,909.84,True,central_corridor
216,4.32,36,0.6915,135.9,627.21,168.42,706.8,152.16,706.8,True,left_pocket
216,4.32,37,0.6518,891.08,593.19,920.02,669.12,905.55,669.12,True,left_half_forward
216,4.32,47,0.7249,291.51,601.21,322.51,682.76,307.01,682.76,True,left_pocket
216,4.32,35,0.7682,565.87,692.59,603.18,785.14,584.53,785.14,True,left_pocket
216,4.32,64,0.6726,428.42,693.87,467.18,779.12,447.8,779.12,True,left_pocket
216,4.32,65,0.6399,1245.44,759.65,1302.59,884.03,1274.01,884.03,True,central_corridor
216,4.32,43,0.4901,795.12,517.88,817.21,573.89,806.16,573.89,True,left_half_forward
216,4.32,73,0.6308,1453.41,657.45,1497.21,760.88,1475.31,760.88,True,central_corridor
216,4.32,17,0.3759,1291.87,501.47,1314.36,556.28,1303.11,556.28,True,central_corridor
217,4.34,2,0.4753,1474.7,838.94,1517.39,976.72,1496.05,976.72,False,outside
217,4.34,29,0.7357,1332.24,791.91,1374.16,910.03,1353.2,910.03,True,central_corridor
217,4.34,36,0.6967,135.59,626.84,168.49,706.9,152.04,706.9,True,left_pocket
217,4.34,37,0.659,891.05,593.11,920.25,669.26,905.65,669.26,True,left_half_forward
217,4.34,47,0.7282,291.58,601.41,322.45,682.87,307.01,682.87,True,left_pocket
217,4.34,35,0.7684,565.73,692.37,603.05,785.09,584.39,785.09,True,left_pocket
217,4.34,64,0.6701,427.8,693.98,466.87,779.26,447.33,779.26,True,left_pocket
217,4.34,65,0.6414,1245.27,759.56,1302.87,884.28,1274.07,884.28,True,central_corridor
217,4.34,43,0.497,795.36,517.75,817.38,573.82,806.37,573.82,True,left_half_forward
217,4.34,73,0.6404,1453.51,657.45,1497.28,760.84,1475.39,760.84,True,central_corridor
217,4.34,17,0.3793,1291.93,501.22,1314.41,556.53,1303.17,556.53,True,central_corridor
218,4.36,2,0.5858,1476.9,840.15,1516.46,976.57,1496.68,976.57,False,outside
218,4.36,29,0.7638,1334.5,791.39,1376.16,910.37,1355.33,910.37,True,central_corridor
218,4.36,36,0.6574,135.05,627.23,166.49,707.51,150.77,707.51,True,left_pocket
218,4.36,37,0.6373,891.85,592.4,921.27,669.35,906.56,669.35,True,left_half_forward
218,4.36,47,0.7009,291.56,601.36,322.62,682.88,307.09,682.88,True,left_pocket
218,4.36,35,0.7206,563.33,691.77,602.32,787.35,582.83,787.35,True,left_pocket
218,4.36,64,0.7328,425.84,696.38,465.59,781.86,445.71,781.86,True,left_pocket
218,4.36,65,0.6755,1253.13,759.35,1303.11,884.21,1278.12,884.21,True,central_corridor
218,4.36,43,0.434,795.72,517.21,818.28,572.7,807.0,572.7,True,left_half_forward
218,4.36,73,0.6054,1455.7,660.91,1498.07,760.69,1476.89,760.69,True,central_corridor
218,4.36,17,0.3692,1292.63,501.39,1315.34,555.59,1303.99,555.59,True,central_corridor
218,4.36,66,0.3665,872.66,482.04,890.41,528.35,881.54,528.35,True,left_half_forward
218,4.36,72,0.3832,1251.75,492.58,1271.79,544.41,1261.77,544.41,True,central_corridor
219,4.38,2,0.6042,1476.9,840.75,1516.85,976.63,1496.87,976.63,False,outside
219,4.38,29,0.7655,1334.94,795.21,1379.88,912.28,1357.41,912.28,True,central_corridor
219,4.38,36,0.6096,134.27,626.67,163.85,705.26,149.06,705.26,True,left_pocket
219,4.38,37,0.6512,893.01,593.71,921.39,668.65,907.2,668.65,True,left_half_forward
219,4.38,47,0.6618,292.28,601.72,323.14,682.72,307.71,682.72,True,left_pocket
219,4.38,35,0.7229,562.9,693.39,601.1,787.26,582.0,787.26,True,left_pocket
219,4.38,64,0.7682,424.05,697.31,464.63,782.32,444.34,782.32,True,left_pocket
219,4.38,65,0.675,1255.84,761.03,1303.68,884.62,1279.76,884.62,True,central_corridor
219,4.38,43,0.4141,796.52,517.4,818.78,573.43,807.65,573.43,True,left_half_forward
219,4.38,73,0.6241,1455.85,659.71,1497.17,760.47,1476.51,760.47,True,central_corridor
219,4.38,17,0.4263,1293.2,501.05,1316.92,555.17,1305.06,555.17,True,central_corridor
219,4.38,76,0.3885,1150.25,559.17,1173.58,627.58,1161.92,627.58,True,central_corridor
219,4.38,72,0.3836,1252.15,493.73,1272.33,544.87,1262.24,544.87,True,central_corridor
220,4.4,2,0.6119,1476.77,840.66,1517.02,976.66,1496.89,976.66,False,outside
220,4.4,29,0.7653,1333.79,796.73,1379.69,913.92,1356.74,913.92,True,central_corridor
220,4.4,36,0.6046,133.88,626.37,162.89,704.54,148.39,704.54,True,left_pocket
220,4.4,37,0.6509,893.43,593.75,921.43,668.22,907.43,668.22,True,left_half_forward
220,4.4,47,0.6764,292.48,601.86,323.16,682.71,307.82,682.71,True,left_pocket
220,4.4,35,0.7278,562.78,693.55,600.59,787.09,581.69,787.09,True,left_pocket
220,4.4,64,0.771,423.43,697.52,464.13,782.66,443.78,782.66,True,left_pocket
220,4.4,65,0.6743,1256.74,761.75,1303.81,884.85,1280.27,884.85,True,central_corridor
220,4.4,43,0.4209,796.86,517.38,819.34,573.68,808.1,573.68,True,left_half_forward
220,4.4,73,0.6292,1455.78,659.26,1496.77,760.28,1476.27,760.28,True,central_corridor
220,4.4,17,0.4262,1293.32,500.88,1317.53,555.02,1305.43,555.02,True,central_corridor
220,4.4,76,0.3902,1150.13,558.58,1173.78,628.84,1161.96,628.84,True,central_corridor
220,4.4,72,0.386,1252.22,494.12,1272.39,545.07,1262.3,545.07,True,central_corridor
221,4.42,2,0.636,1475.78,840.04,1518.16,976.47,1496.97,976.47,False,outside
221,4.42,29,0.7385,1333.34,797.39,1383.22,914.29,1358.28,914.29,True,central_corridor
221,4.42,36,0.6518,132.72,625.88,163.13,705.02,147.93,705.02,True,left_pocket
221,4.42,37,0.661,893.89,595.67,921.62,669.74,907.75,669.74,True,left_half_forward
221,4.42,47,0.7126,292.86,603.36,322.87,682.11,307.87,682.11,True,left_pocket
221,4.42,35,0.6989,561.88,695.29,599.56,790.0,580.72,790.0,True,left_pocket
221,4.42,64,0.764,422.66,699.54,464.02,783.63,443.34,783.63,True,left_pocket
221,4.42,65,0.7037,1257.16,763.93,1303.16,885.2,1280.16,885.2,True,central_corridor
221,4.42,43,0.4477,798.06,517.3,820.0,572.63,809.03,572.63,True,left_half_forward
221,4.42,73,0.7142,1456.86,658.76,1496.83,760.21,1476.84,760.21,True,central_corridor
221,4.42,17,0.4977,1293.88,501.54,1317.85,554.63,1305.87,554.63,True,central_corridor
221,4.42,76,0.4019,1149.96,559.04,1174.24,629.7,1162.1,629.7,True,central_corridor
221,4.42,72,0.3886,1252.23,495.02,1272.53,544.33,1262.38,544.33,True,central_corridor
221,4.42,74,0.3541,238.11,506.37,258.1,554.99,248.1,554.99,False,outside
222,4.44,2,0.6391,1475.4,839.94,1518.43,976.33,1496.92,976.33,False,outside
222,4.44,29,0.7422,1333.16,797.52,1384.65,914.25,1358.9,914.25,True,central_corridor
222,4.44,36,0.6549,132.44,625.62,163.34,704.91,147.89,704.91,True,left_pocket
222,4.44,37,0.6573,894.1,596.09,921.65,670.21,907.87,670.21,True,left_half_forward
222,4.44,47,0.7093,293.0,603.75,322.88,681.94,307.94,681.94,True,left_pocket
222,4.44,35,0.689,561.41,695.97,599.17,790.73,580.29,790.73,True,left_pocket
222,4.44,64,0.7544,422.43,700.54,463.83,783.94,443.13,783.94,True,left_pocket
222,4.44,65,0.7039,1257.31,764.74,1302.88,885.33,1280.09,885.33,True,central_corridor
222,4.44,43,0.4437,798.5,517.08,820.49,572.35,809.5,572.35,True,left_half_forward
222,4.44,73,0.7137,1457.14,658.55,1496.69,760.21,1476.92,760.21,True,central_corridor
222,4.44,17,0.4901,1294.18,501.89,1318.01,554.47,1306.09,554.47,True,central_corridor
222,4.44,76,0.4028,1149.9,559.23,1174.29,629.82,1162.09,629.82,True,central_corridor
222,4.44,72,0.4004,1252.29,495.41,1272.49,544.1,1262.39,544.1,True,central_corridor
223,4.46,2,0.6339,1475.0,839.47,1519.48,977.03,1497.24,977.03,False,outside
223,4.46,29,0.7679,1332.93,798.36,1391.38,914.92,1362.16,914.92,True,central_corridor
223,4.46,36,0.6353,130.67,626.4,161.93,705.81,146.3,705.81,True,left_pocket
223,4.46,37,0.5958,894.38,595.68,922.41,670.42,908.4,670.42,True,left_half_forward
223,4.46,47,0.71,293.04,604.82,322.93,682.27,307.98,682.27,True,left_pocket
223,4.46,35,0.7207,559.5,697.02,597.46,794.77,578.48,794.77,True,left_pocket
223,4.46,64,0.7409,422.53,700.68,463.47,784.43,443.0,784.43,True,left_pocket
223,4.46,65,0.7283,1261.24,767.18,1302.79,885.46,1282.01,885.46,True,central_corridor
223,4.46,43,0.4076,798.65,517.02,821.03,572.95,809.84,572.95,True,left_half_forward
223,4.46,73,0.724,1457.45,658.94,1496.87,760.23,1477.16,760.23,True,central_corridor
223,4.46,17,0.4865,1295.18,501.75,1318.86,554.83,1307.02,554.83,True,central_corridor
223,4.46,76,0.4119,1151.31,558.13,1175.84,626.7,1163.57,626.7,True,central_corridor
223,4.46,72,0.4365,1253.67,494.21,1273.12,543.71,1263.39,543.71,True,central_corridor
223,4.46,74,0.3538,238.32,506.31,259.1,556.34,248.71,556.34,True,outside
224,4.48,2,0.6358,1474.63,839.15,1519.75,977.3,1497.19,977.3,False,outside
224,4.48,29,0.7748,1332.62,798.73,1393.91,915.27,1363.27,915.27,True,central_corridor
224,4.48,36,0.6247,130.02,626.51,161.53,706.22,145.77,706.22,True,left_pocket
224,4.48,37,0.599,894.46,595.42,922.62,670.44,908.54,670.44,True,left_half_forward
224,4.48,47,0.7049,292.98,604.95,322.93,682.33,307.96,682.33,True,left_pocket
224,4.48,35,0.7256,558.7,697.3,596.68,796.07,577.69,796.07,True,left_pocket
224,4.48,64,0.7384,422.6,700.51,463.31,784.19,442.96,784.19,True,left_pocket
224,4.48,65,0.7253,1262.49,767.78,1302.64,885.46,1282.56,885.46,True,central_corridor
224,4.48,43,0.3969,798.66,517.06,821.15,572.87,809.91,572.87,True,left_half_forward
224,4.48,73,0.7199,1457.55,658.99,1496.94,760.05,1477.25,760.05,True,central_corridor
224,4.48,17,0.4832,1295.43,501.74,1319.25,555.0,1307.34,555.0,True,central_corridor
224,4.48,76,0.3982,1151.75,557.68,1176.36,625.82,1164.06,625.82,True,central_corridor
224,4.48,72,0.428,1254.03,493.79,1273.17,543.61,1263.6,543.61,True,central_corridor
225,4.5,2,0.6418,1474.48,839.02,1519.85,977.52,1497.17,977.52,False,outside
225,4.5,29,0.7761,1332.4,798.89,1394.87,915.46,1363.63,915.46,True,central_corridor
225,4.5,36,0.6327,129.84,626.53,161.48,706.5,145.66,706.5,True,left_pocket
225,4.5,37,0.6011,894.55,595.47,922.63,670.33,908.59,670.33,True,left_half_forward
225,4.5,47,0.7033,293.0,605.1,322.89,682.38,307.94,682.38,True,left_pocket
225,4.5,35,0.7267,558.38,697.25,596.48,796.51,577.43,796.51,True,left_pocket
225,4.5,64,0.7398,422.65,700.38,463.37,784.07,443.01,784.07,True,left_pocket
225,4.5,65,0.7242,1262.6,767.86,1302.64,885.28,1282.62,885.28,True,central_corridor
225,4.5,43,0.3996,798.59,517.24,821.06,572.87,809.82,572.87,True,left_half_forward
225,4.5,73,0.7175,1457.5,659.01,1496.93,760.06,1477.21,760.06,True,central_corridor
225,4.5,17,0.4813,1295.44,501.74,1319.19,555.2,1307.31,555.2,True,central_corridor
225,4.5,76,0.3998,1151.92,557.4,1176.54,625.09,1164.23,625.09,True,central_corridor
225,4.5,72,0.4314,1254.18,493.58,1273.19,543.42,1263.69,543.42,True,central_corridor
226,4.52,2,0.6476,1476.57,839.86,1519.59,976.88,1498.08,976.88,False,outside
226,4.52,29,0.7856,1332.8,800.65,1394.45,914.17,1363.62,914.17,True,central_corridor
226,4.52,36,0.5893,128.23,627.02,160.12,707.74,144.18,707.74,True,left_pocket
226,4.52,37,0.5843,895.53,596.39,923.39,671.49,909.46,671.49,True,left_half_forward
226,4.52,47,0.6909,292.62,606.08,322.34,682.23,307.48,682.23,True,left_pocket
226,4.52,35,0.7314,558.04,699.78,593.65,798.12,575.85,798.12,True,left_pocket
226,4.52,64,0.7941,423.24,701.77,463.96,785.42,443.6,785.42,True,left_pocket
226,4.52,65,0.7079,1262.46,765.64,1304.99,885.3,1283.72,885.3,True,central_corridor
226,4.52,43,0.3728,799.24,517.22,821.83,572.37,810.54,572.37,True,left_half_forward
226,4.52,73,0.7468,1458.69,659.21,1496.86,760.54,1477.78,760.54,True,central_corridor
226,4.52,17,0.4955,1296.39,501.71,1319.48,555.71,1307.94,555.71,True,central_corridor
226,4.52,76,0.3855,1152.45,557.37,1176.85,624.56,1164.65,624.56,True,central_corridor
226,4.52,72,0.3945,1256.08,493.07,1274.7,544.76,1265.39,544.76,True,central_corridor
226,4.52,74,0.4028,238.85,506.52,261.0,556.99,249.93,556.99,True,outside
227,4.54,2,0.6644,1476.98,839.66,1520.36,976.36,1498.67,976.36,False,outside
227,4.54,29,0.7692,1332.49,801.91,1400.25,914.74,1366.37,914.74,True,central_corridor
227,4.54,36,0.6193,127.46,626.91,158.32,708.83,142.89,708.83,True,left_pocket
227,4.54,37,0.5,896.29,596.91,925.21,671.94,910.75,671.94,True,left_half_forward
227,4.54,47,0.6313,292.3,606.78,322.2,683.16,307.25,683.16,True,left_pocket
227,4.54,35,0.7354,558.04,702.0,590.71,797.13,574.38,797.13,True,left_pocket
227,4.54,64,0.7908,422.81,703.93,464.92,790.0,443.87,790.0,True,left_pocket
227,4.54,65,0.7124,1264.14,766.77,1304.9,884.57,1284.52,884.57,True,central_corridor
227,4.54,73,0.6974,1459.34,659.59,1495.83,760.61,1477.58,760.61,True,central_corridor
227,4.54,17,0.4833,1296.34,502.51,1319.16,555.74,1307.75,555.74,True,central_corridor
227,4.54,72,0.3536,1256.98,492.67,1275.51,545.82,1266.24,545.82,True,central_corridor
227,4.54,74,0.4208,239.15,506.17,261.44,557.02,250.29,557.02,True,outside
228,4.56,2,0.6535,1477.14,839.52,1520.38,976.13,1498.76,976.13,False,outside
228,4.56,29,0.7666,1332.31,802.3,1402.03,914.63,1367.17,914.63,True,central_corridor
228,4.56,36,0.6249,126.95,626.68,157.73,709.05,142.34,709.05,True,left_pocket
228,4.56,37,0.5199,896.32,597.04,925.82,672.19,911.07,672.19,True,left_half_forward
228,4.56,47,0.6394,292.15,607.27,322.77,683.19,307.46,683.19,True,left_pocket
228,4.56,35,0.7349,557.65,701.98,589.48,797.2,573.57,797.2,True,left_pocket
228,4.56,64,0.7885,422.63,704.78,465.24,791.83,443.93,791.83,True,left_pocket
228,4.56,65,0.7162,1264.69,767.17,1304.71,884.24,1284.7,884.24,True,central_corridor
228,4.56,73,0.7006,1459.22,659.6,1495.36,760.72,1477.29,760.72,True,central_corridor
228,4.56,17,0.4816,1296.05,502.73,1318.89,555.79,1307.47,555.79,True,central_corridor
228,4.56,72,0.375,1257.24,492.3,1275.84,547.86,1266.54,547.86,True,central_corridor
228,4.56,74,0.4132,239.14,506.03,261.62,557.28,250.38,557.28,True,outside
229,4.58,2,0.6658,1478.18,839.99,1519.61,975.58,1498.9,975.58,False,outside
229,4.58,29,0.6878,1333.64,801.35,1404.12,915.42,1368.88,915.42,True,central_corridor
229,4.58,36,0.6342,126.65,627.24,156.82,709.54,141.73,709.54,True,left_pocket
229,4.58,37,0.5194,896.25,597.51,926.52,672.34,911.38,672.34,True,left_half_forward
229,4.58,47,0.6811,292.14,606.97,321.61,685.16,306.87,685.16,True,left_pocket
229,4.58,35,0.7517,556.81,703.01,588.52,797.07,572.67,797.07,True,left_pocket
229,4.58,64,0.7778,422.81,705.62,466.14,793.97,444.48,793.97,True,left_pocket
229,4.58,65,0.7264,1266.21,768.7,1306.55,885.72,1286.38,885.72,True,central_corridor
229,4.58,73,0.7055,1459.41,661.04,1495.9,761.62,1477.65,761.62,True,central_corridor
229,4.58,17,0.4785,1296.99,503.29,1318.88,555.26,1307.93,555.26,True,central_corridor
229,4.58,74,0.4647,239.41,506.27,261.19,557.22,250.3,557.22,True,outside
229,4.58,76,0.3643,1153.56,561.22,1179.32,627.08,1166.44,627.08,True,central_corridor
230,4.6,2,0.6671,1478.06,840.39,1519.55,975.28,1498.81,975.28,False,outside
230,4.6,29,0.6954,1334.96,801.0,1403.99,915.45,1369.48,915.45,True,central_corridor
230,4.6,36,0.6272,126.53,627.43,156.46,709.46,141.5,709.46,True,left_pocket
230,4.6,37,0.5158,896.2,597.56,926.71,672.34,911.46,672.34,True,left_half_forward
230,4.6,47,0.6737,292.11,606.68,321.24,685.8,306.67,685.8,True,left_pocket
230,4.6,35,0.7461,556.43,703.02,588.24,797.15,572.34,797.15,True,left_pocket
230,4.6,64,0.7761,423.01,705.85,466.47,794.82,444.74,794.82,True,left_pocket
230,4.6,65,0.725,1266.8,769.61,1307.12,886.26,1286.96,886.26,True,central_corridor
230,4.6,73,0.7046,1459.18,661.27,1496.03,762.1,1477.61,762.1,True,central_corridor
230,4.6,17,0.4712,1297.2,503.3,1318.84,555.11,1308.02,555.11,True,central_corridor
230,4.6,74,0.485,239.65,506.35,261.05,557.15,250.35,557.15,True,outside
230,4.6,76,0.359,1153.74,561.75,1179.5,627.61,1166.62,627.61,True,central_corridor
231,4.62,2,0.6713,1479.13,840.97,1522.6,975.65,1500.86,975.65,False,outside
231,4.62,29,0.6809,1340.63,802.04,1404.1,916.41,1372.37,916.41,True,central_corridor
231,4.62,36,0.6114,125.3,627.28,155.83,708.74,140.56,708.74,True,left_pocket
231,4.62,37,0.5657,897.76,597.24,927.93,671.96,912.85,671.96,True,left_half_forward
231,4.62,47,0.7072,289.94,607.11,320.73,686.48,305.33,686.48,True,left_pocket
231,4.62,35,0.7432,554.44,703.55,586.78,798.76,570.61,798.76,True,left_pocket
231,4.62,64,0.7423,423.96,707.77,467.44,796.7,445.7,796.7,True,left_pocket
231,4.62,65,0.6922,1268.29,772.02,1309.5,886.46,1288.89,886.46,True,central_corridor
231,4.62,73,0.657,1459.94,661.03,1497.01,762.67,1478.48,762.67,True,central_corridor
231,4.62,17,0.5028,1297.4,501.45,1318.91,555.09,1308.15,555.09,True,central_corridor
231,4.62,74,0.4419,239.19,506.63,261.33,558.92,250.26,558.92,True,outside
231,4.62,76,0.3528,1156.41,561.94,1181.87,626.9,1169.14,626.9,True,central_corridor
232,4.64,2,0.6619,1479.55,841.27,1523.5,975.78,1501.53,975.78,False,outside
232,4.64,29,0.6851,1342.6,802.46,1403.83,916.49,1373.22,916.49,True,central_corridor
232,4.64,36,0.6232,124.81,627.19,155.62,708.43,140.21,708.43,True,left_pocket
232,4.64,37,0.5713,898.24,597.09,928.33,671.68,913.29,671.68,True,left_half_forward
232,4.64,47,0.7078,289.18,607.08,320.58,686.5,304.88,686.5,True,left_pocket
232,4.64,35,0.7455,553.48,703.59,586.47,799.49,569.97,799.49,True,left_pocket
232,4.64,64,0.7324,424.27,708.34,467.82,797.65,446.05,797.65,True,left_pocket
232,4.64,65,0.6876,1268.69,772.0,1310.54,886.44,1289.62,886.44,True,central_corridor
232,4.64,73,0.6568,1460.12,661.02,1497.32,762.65,1478.72,762.65,True,central_corridor
232,4.64,17,0.5168,1297.39,500.73,1318.8,554.97,1308.09,554.97,True,central_corridor
232,4.64,74,0.4436,238.92,506.66,261.73,560.02,250.33,560.02,True,outside
232,4.64,76,0.3579,1157.37,561.83,1182.66,626.43,1170.02,626.43,True,central_corridor
233,4.66,2,0.6649,1479.71,841.6,1523.97,975.81,1501.84,975.81,False,outside
233,4.66,29,0.6896,1343.21,802.05,1403.83,916.57,1373.52,916.57,True,central_corridor
233,4.66,36,0.6259,124.62,627.04,155.56,708.43,140.09,708.43,True,left_pocket
233,4.66,37,0.5784,898.3,597.34,928.5,671.23,913.4,671.23,True,left_half_forward
233,4.66,47,0.7121,288.86,606.99,320.55,686.43,304.71,686.43,True,left_pocket
233,4.66,35,0.7477,553.16,703.62,586.35,799.68,569.75,799.68,True,left_pocket
233,4.66,64,0.7415,424.35,708.52,467.91,798.12,446.13,798.12,True,left_pocket
233,4.66,65,0.6912,1268.8,771.56,1310.85,886.4,1289.83,886.4,True,central_corridor
233,4.66,73,0.661,1460.16,660.8,1497.47,762.75,1478.81,762.75,True,central_corridor
233,4.66,17,0.5208,1297.34,500.49,1318.66,554.82,1308.0,554.82,True,central_corridor
233,4.66,74,0.4402,238.73,506.67,261.8,560.46,250.27,560.46,True,outside
233,4.66,76,0.3546,1157.77,561.89,1182.94,626.31,1170.35,626.31,True,central_corridor
234,4.68,2,0.6228,1481.06,840.92,1526.06,975.82,1503.56,975.82,False,outside
234,4.68,29,0.7483,1345.82,802.61,1405.5,916.89,1375.66,916.89,True,central_corridor
234,4.68,36,0.6581,124.14,627.15,153.2,707.01,138.67,707.01,True,left_pocket
234,4.68,37,0.5801,899.35,597.82,929.25,671.88,914.3,671.88,True,left_half_forward
234,4.68,47,0.7053,288.61,606.7,319.59,686.65,304.1,686.65,True,left_pocket
234,4.68,35,0.7222,554.39,703.19,585.36,801.99,569.87,801.99,True,left_pocket
234,4.68,64,0.6565,424.97,710.51,468.31,798.08,446.64,798.08,True,left_pocket
234,4.68,65,0.7131,1267.74,770.66,1313.01,888.94,1290.38,888.94,True,central_corridor
234,4.68,73,0.6407,1460.27,661.27,1498.8,761.13,1479.53,761.13,True,central_corridor
234,4.68,17,0.4773,1298.06,499.71,1319.28,555.65,1308.67,555.65,True,central_corridor
234,4.68,74,0.3862,239.37,505.04,262.04,559.94,250.71,559.94,True,outside
234,4.68,76,0.361,1158.48,561.98,1183.74,627.52,1171.11,627.52,True,central_corridor
235,4.7,2,0.6153,1480.4,840.63,1528.5,976.1,1504.45,976.1,False,outside
235,4.7,29,0.7489,1351.63,804.47,1406.83,917.06,1379.23,917.06,True,central_corridor
235,4.7,36,0.7179,123.19,626.27,151.59,703.86,137.39,703.86,True,left_pocket
235,4.7,37,0.5973,901.83,597.99,930.9,671.33,916.36,671.33,True,left_half_forward
235,4.7,47,0.7124,284.75,606.52,317.98,687.44,301.36,687.44,True,left_pocket
235,4.7,35,0.7445,554.54,703.36,584.4,804.84,569.47,804.84,True,left_pocket
235,4.7,64,0.6399,424.81,711.89,468.96,797.33,446.89,797.33,True,left_pocket
235,4.7,65,0.7008,1268.55,772.86,1316.91,891.87,1292.73,891.87,True,central_corridor
235,4.7,73,0.6333,1460.27,661.27,1499.96,760.02,1480.12,760.02,True,central_corridor
235,4.7,17,0.5298,1300.19,500.52,1319.63,555.42,1309.91,555.42,True,central_corridor
235,4.7,74,0.3853,240.48,504.52,263.24,557.81,251.86,557.81,True,outside
235,4.7,76,0.3918,1158.94,562.79,1185.38,628.92,1172.16,628.92,True,central_corridor
236,4.72,2,0.6199,1479.82,840.45,1529.46,976.35,1504.64,976.35,False,outside
236,4.72,29,0.7364,1353.53,805.16,1407.16,917.3,1380.35,917.3,True,central_corridor
236,4.72,36,0.7142,122.8,625.96,151.01,702.5,136.9,702.5,True,left_pocket
236,4.72,37,0.5984,902.36,598.11,931.59,671.34,916.97,671.34,True,left_half_forward
236,4.72,47,0.7096,283.24,606.45,317.3,687.68,300.27,687.68,True,left_pocket
236,4.72,35,0.7437,554.46,703.11,584.18,805.75,569.32,805.75,True,left_pocket
236,4.72,64,0.6525,424.68,712.29,469.01,796.66,446.85,796.66,True,left_pocket
236,4.72,65,0.6945,1268.76,773.94,1318.31,892.44,1293.54,892.44,True,central_corridor
236,4.72,73,0.6442,1460.12,661.52,1500.09,759.62,1480.11,759.62,True,central_corridor
236,4.72,17,0.5006,1301.04,500.48,1319.66,555.27,1310.35,555.27,True,central_corridor
236,4.72,74,0.3742,240.76,504.27,263.77,557.02,252.27,557.02,True,outside
236,4.72,76,0.3878,1159.02,562.93,1185.98,629.53,1172.5,629.53,True,central_corridor
237,4.74,2,0.635,1479.09,840.45,1534.95,976.52,1507.02,976.52,False,outside
237,4.74,29,0.6556,1359.67,806.8,1408.75,918.77,1384.21,918.77,True,central_corridor
237,4.74,36,0.6925,121.98,625.46,149.54,701.84,135.76,701.84,True,left_pocket
237,4.74,37,0.644,903.7,596.52,932.62,671.62,918.16,671.62,True,left_half_forward
237,4.74,47,0.6956,282.57,606.58,316.61,688.55,299.59,688.55,True,left_pocket
237,4.74,35,0.7495,554.53,703.77,584.87,807.5,569.7,807.5,True,left_pocket
237,4.74,64,0.5725,425.23,712.93,470.48,795.66,447.85,795.66,True,left_pocket
237,4.74,65,0.6508,1271.35,776.28,1319.6,889.41,1295.48,889.41,True,central_corridor
237,4.74,73,0.6577,1459.27,661.46,1501.63,760.2,1480.45,760.2,True,central_corridor
237,4.74,17,0.4815,1302.85,500.13,1320.19,554.41,1311.52,554.41,True,central_corridor
237,4.74,76,0.3733,1160.11,563.39,1186.73,629.81,1173.42,629.81,True,central_corridor
238,4.76,2,0.6338,1478.71,840.32,1537.09,976.53,1507.9,976.53,False,outside
238,4.76,29,0.6636,1362.03,807.27,1409.19,919.42,1385.61,919.42,True,central_corridor
238,4.76,36,0.6924,121.64,625.06,148.93,701.57,135.29,701.57,True,left_pocket
238,4.76,37,0.6452,904.09,595.9,932.92,671.71,918.5,671.71,True,left_half_forward
238,4.76,47,0.6934,282.24,606.51,316.36,688.79,299.3,688.79,True,left_pocket
238,4.76,35,0.7504,553.96,704.74,584.88,807.34,569.42,807.34,True,left_pocket
238,4.76,64,0.584,425.27,713.08,471.04,795.29,448.16,795.29,True,left_pocket
238,4.76,65,0.656,1272.3,776.99,1320.24,887.99,1296.27,887.99,True,central_corridor
238,4.76,73,0.6613,1458.87,661.37,1502.0,760.63,1480.44,760.63,True,central_corridor
238,4.76,17,0.4806,1303.27,500.1,1320.36,554.04,1311.82,554.04,True,central_corridor
238,4.76,76,0.3691,1160.36,563.35,1186.99,630.11,1173.67,630.11,True,central_corridor
239,4.78,2,0.6362,1478.6,840.33,1537.69,976.47,1508.15,976.47,False,outside
239,4.78,29,0.669,1362.7,807.44,1409.32,919.63,1386.01,919.63,True,central_corridor
239,4.78,36,0.6928,121.59,624.94,148.73,701.47,135.16,701.47,True,left_pocket
239,4.78,37,0.6464,904.22,595.65,933.19,671.73,918.7,671.73,True,left_half_forward
239,4.78,47,0.6949,282.34,606.52,316.31,688.71,299.32,688.71,True,left_pocket
239,4.78,35,0.7537,553.74,704.83,584.89,807.29,569.32,807.29,True,left_pocket
239,4.78,64,0.5901,425.4,713.08,471.18,795.13,448.29,795.13,True,left_pocket
239,4.78,65,0.6476,1272.79,777.31,1320.29,887.39,1296.54,887.39,True,central_corridor
239,4.78,73,0.658,1458.65,661.33,1502.2,760.81,1480.42,760.81,True,central_corridor
239,4.78,17,0.4885,1303.48,499.97,1320.44,554.09,1311.96,554.09,True,central_corridor
239,4.78,76,0.3752,1160.5,563.31,1187.17,630.28,1173.83,630.28,True,central_corridor
240,4.8,2,0.6978,1479.81,840.47,1543.4,976.6,1511.61,976.6,False,outside
240,4.8,29,0.6488,1371.18,805.23,1413.03,918.29,1392.1,918.29,True,central_corridor
240,4.8,36,0.6911,121.81,625.34,147.02,701.24,134.41,701.24,True,left_pocket
240,4.8,37,0.6984,904.6,596.43,934.26,670.71,919.43,670.71,True,left_half_forward
240,4.8,47,0.6879,281.79,607.03,316.49,689.91,299.14,689.91,True,left_pocket
240,4.8,35,0.7409,552.32,707.91,585.49,809.73,568.91,809.73,True,left_pocket
240,4.8,64,0.6449,426.29,712.93,474.6,796.47,450.44,796.47,True,left_pocket
240,4.8,65,0.6521,1272.64,778.42,1322.02,887.87,1297.33,887.87,True,central_corridor
240,4.8,73,0.6299,1458.75,660.65,1502.97,761.95,1480.86,761.95,True,central_corridor
240,4.8,17,0.4331,1305.02,499.15,1321.77,553.93,1313.4,553.93,True,central_corridor
240,4.8,76,0.3853,1161.61,563.89,1188.47,629.99,1175.04,629.99,True,central_corridor
240,4.8,74,0.3845,242.34,504.34,264.4,557.98,253.37,557.98,True,outside
241,4.82,2,0.6036,1481.65,839.75,1548.55,975.88,1515.1,975.88,False,outside
241,4.82,29,0.7128,1377.58,803.58,1416.76,918.08,1397.17,918.08,True,central_corridor
241,4.82,36,0.6955,120.8,624.59,145.12,701.64,132.96,701.64,True,left_pocket
241,4.82,37,0.7464,906.27,597.12,935.37,670.1,920.82,670.1,True,left_half_forward
241,4.82,47,0.6982,281.01,609.45,316.31,691.47,298.66,691.47,True,left_pocket
241,4.82,35,0.7992,552.35,710.42,585.87,811.25,569.11,811.25,True,left_pocket
241,4.82,64,0.6674,428.19,713.1,476.78,796.92,452.48,796.92,True,left_pocket
241,4.82,65,0.7308,1270.62,777.92,1324.97,892.8,1297.79,892.8,True,central_corridor
241,4.82,73,0.6602,1459.04,659.05,1504.54,761.89,1481.79,761.89,True,central_corridor
241,4.82,17,0.3857,1305.97,500.14,1323.65,553.92,1314.81,553.92,True,central_corridor
241,4.82,74,0.3881,242.7,504.92,262.57,555.53,252.63,555.53,False,outside
241,4.82,43,0.3586,809.11,516.56,831.5,573.51,820.31,573.51,True,left_half_forward
242,4.84,2,0.6013,1482.26,839.68,1549.78,974.92,1516.02,974.92,False,outside
242,4.84,29,0.7061,1379.34,803.37,1417.88,918.01,1398.61,918.01,True,central_corridor
242,4.84,36,0.6891,120.34,623.8,144.45,701.73,132.4,701.73,True,left_pocket
242,4.84,37,0.739,906.73,596.85,935.63,669.52,921.18,669.52,True,left_half_forward
242,4.84,47,0.6792,280.89,610.24,316.26,691.83,298.58,691.83,True,left_pocket
242,4.84,35,0.7984,552.43,711.28,585.82,811.81,569.12,811.81,True,left_pocket
242,4.84,64,0.6783,428.45,713.12,477.38,797.43,452.92,797.43,True,left_pocket
242,4.84,65,0.7277,1269.71,777.76,1325.99,894.66,1297.85,894.66,True,central_corridor
242,4.84,73,0.6568,1459.12,658.42,1504.98,761.69,1482.05,761.69,True,central_corridor
242,4.84,17,0.3839,1306.09,500.86,1324.25,553.99,1315.17,553.99,True,central_corridor
242,4.84,74,0.3864,242.71,505.15,262.09,554.66,252.4,554.66,False,outside
242,4.84,43,0.3571,809.24,516.48,831.85,573.99,820.54,573.99,True,left_half_forward
243,4.86,2,0.5806,1483.13,840.72,1544.84,974.99,1513.98,974.99,False,outside
243,4.86,29,0.7414,1379.76,802.96,1420.41,920.98,1400.08,920.98,True,central_corridor
243,4.86,36,0.6502,118.7,623.62,144.43,702.49,131.56,702.49,True,left_pocket
243,4.86,37,0.7216,907.91,598.7,935.84,672.22,921.88,672.22,True,left_half_forward
243,4.86,47,0.6955,279.84,611.13,315.82,693.85,297.83,693.85,True,left_pocket
243,4.86,35,0.7912,549.95,713.68,586.52,812.86,568.24,812.86,True,left_pocket
243,4.86,64,0.6869,429.51,712.55,479.54,799.41,454.52,799.41,True,left_pocket
243,4.86,65,0.6982,1269.8,779.23,1328.01,896.6,1298.9,896.6,True,central_corridor
243,4.86,73,0.6212,1459.63,658.19,1506.02,761.98,1482.82,761.98,True,central_corridor
243,4.86,74,0.4173,242.81,505.08,262.61,555.9,252.71,555.9,True,outside
243,4.86,43,0.4402,811.75,516.64,833.09,573.83,822.42,573.83,True,left_half_forward
243,4.86,76,0.4136,1165.96,562.57,1191.39,632.01,1178.67,632.01,True,central_corridor
244,4.88,2,0.5894,1483.51,840.98,1542.41,974.8,1512.96,974.8,False,outside
244,4.88,29,0.7459,1379.77,802.67,1421.34,922.07,1400.56,922.07,True,central_corridor
244,4.88,36,0.6514,118.26,622.79,144.62,702.2,131.44,702.2,True,left_pocket
244,4.88,37,0.7241,908.15,599.21,935.79,673.57,921.97,673.57,True,left_half_forward
244,4.88,47,0.6946,279.33,611.43,315.6,694.93,297.46,694.93,True,left_pocket
244,4.88,35,0.7891,549.1,714.19,586.69,813.03,567.89,813.03,True,left_pocket
244,4.88,64,0.6942,429.69,712.32,480.13,800.14,454.91,800.14,True,left_pocket
244,4.88,65,0.6905,1269.8,779.57,1328.14,896.99,1298.97,896.99,True,central_corridor
244,4.88,73,0.6173,1459.62,657.94,1506.23,761.98,1482.93,761.98,True,central_corridor
244,4.88,74,0.4359,242.77,505.11,262.76,556.27,252.77,556.27,True,outside
244,4.88,43,0.4464,812.41,516.67,833.57,573.86,822.99,573.86,True,left_half_forward
244,4.88,76,0.4199,1166.43,562.48,1191.62,632.35,1179.02,632.35,True,central_corridor
245,4.9,2,0.5933,1483.47,841.24,1541.16,974.77,1512.32,974.77,False,outside
245,4.9,29,0.742,1379.62,802.73,1421.52,922.53,1400.57,922.53,True,central_corridor
245,4.9,36,0.6567,118.3,622.49,144.55,702.04,131.42,702.04,True,left_pocket
245,4.9,37,0.7138,908.17,599.45,935.76,673.82,921.96,673.82,True,left_half_forward
245,4.9,47,0.6906,279.05,611.51,315.96,695.52,297.51,695.52,True,left_pocket
245,4.9,35,0.7897,548.75,714.31,586.81,813.17,567.78,813.17,True,left_pocket
245,4.9,64,0.6912,429.76,712.19,480.22,800.25,454.99,800.25,True,left_pocket
245,4.9,65,0.6995,1269.81,779.86,1327.93,896.93,1298.87,896.93,True,central_corridor
245,4.9,73,0.615,1459.64,657.65,1506.23,762.09,1482.94,762.09,True,central_corridor
245,4.9,74,0.4317,242.78,505.03,262.81,556.26,252.8,556.26,True,outside
245,4.9,43,0.443,812.98,516.61,833.92,573.92,823.45,573.92,True,left_half_forward
245,4.9,76,0.4205,1167.14,562.93,1193.59,631.93,1180.36,631.93,True,central_corridor
246,4.92,2,0.5259,1483.45,841.96,1542.42,974.02,1512.94,974.02,False,outside
246,4.92,29,0.6884,1379.68,803.27,1428.14,923.37,1403.91,923.37,True,central_corridor
246,4.92,36,0.6561,117.74,623.26,144.1,702.23,130.92,702.23,True,left_pocket
246,4.92,37,0.7554,909.9,598.61,936.4,672.57,923.15,672.57,True,left_half_forward
246,4.92,47,0.6434,279.84,611.87,316.24,694.48,298.04,694.48,True,left_pocket
246,4.92,35,0.7855,549.32,716.37,587.97,813.29,568.64,813.29,True,left_pocket
246,4.92,64,0.7297,431.52,713.21,483.35,806.52,457.44,806.52,True,left_pocket
246,4.92,65,0.6829,1272.63,780.75,1328.22,897.38,1300.43,897.38,True,central_corridor
246,4.92,73,0.5946,1459.63,657.71,1506.07,763.16,1482.85,763.16,True,central_corridor
246,4.92,74,0.4501,242.47,505.02,263.05,556.63,252.76,556.63,True,outside
246,4.92,43,0.5125,814.08,516.76,834.47,574.68,824.28,574.68,True,left_half_forward
246,4.92,76,0.4602,1169.43,561.13,1193.06,633.47,1181.24,633.47,True,central_corridor
246,4.92,17,0.3634,1305.71,502.17,1327.45,555.1,1316.58,555.1,True,central_corridor
247,4.94,2,0.5551,1483.27,841.16,1542.92,974.24,1513.09,974.24,False,outside
247,4.94,29,0.6702,1380.38,803.09,1434.56,923.56,1407.47,923.56,True,central_corridor
247,4.94,36,0.6637,117.35,625.18,143.84,702.62,130.59,702.62,True,left_pocket
247,4.94,37,0.7843,910.73,597.84,938.27,677.1,924.5,677.1,True,left_half_forward
247,4.94,47,0.6868,278.48,611.87,316.12,693.23,297.3,693.23,True,left_pocket
247,4.94,35,0.8166,550.09,716.96,590.42,813.03,570.25,813.03,True,left_pocket
247,4.94,64,0.772,437.42,715.85,486.62,810.3,462.02,810.3,True,left_pocket
247,4.94,65,0.6793,1277.21,781.07,1329.48,896.56,1303.34,896.56,True,central_corridor
247,4.94,73,0.6224,1460.46,659.97,1500.94,763.26,1480.7,763.26,True,central_corridor
247,4.94,74,0.4167,242.47,504.88,263.15,556.72,252.81,556.72,True,outside
247,4.94,43,0.5435,814.7,516.62,836.34,575.97,825.52,575.97,True,left_half_forward
247,4.94,76,0.401,1171.74,561.47,1193.62,632.84,1182.68,632.84,True,central_corridor
248,4.96,2,0.536,1483.96,841.58,1543.16,974.52,1513.56,974.52,False,outside
248,4.96,29,0.6902,1380.38,802.77,1437.16,923.47,1408.77,923.47,True,central_corridor
248,4.96,36,0.6609,117.02,625.94,143.66,702.71,130.34,702.71,True,left_pocket
248,4.96,37,0.7834,910.98,597.52,939.08,678.75,925.03,678.75,True,left_half_forward
248,4.96,47,0.6907,277.8,611.75,315.78,692.54,296.79,692.54,True,left_pocket
248,4.96,35,0.8148,550.23,717.22,591.12,812.93,570.68,812.93,True,left_pocket
248,4.96,64,0.7706,439.87,716.78,487.86,811.72,463.86,811.72,True,left_pocket
248,4.96,65,0.6906,1278.39,781.02,1330.26,896.46,1304.32,896.46,True,central_corridor
248,4.96,73,0.6196,1460.56,660.94,1497.95,763.18,1479.25,763.18,True,central_corridor
248,4.96,74,0.4202,242.55,504.7,263.04,557.17,252.8,557.17,True,outside
248,4.96,43,0.5428,814.64,516.6,836.93,576.3,825.79,576.3,True,left_half_forward
248,4.96,76,0.3917,1172.47,561.58,1193.69,632.26,1183.08,632.26,True,central_corridor
248,4.96,78,0.406,1469.13,660.7,1507.72,763.82,1488.42,763.82,True,central_corridor
249,4.98,2,0.5364,1483.42,840.81,1543.2,974.37,1513.31,974.37,False,outside
249,4.98,29,0.6827,1380.29,803.06,1438.1,923.56,1409.19,923.56,True,central_corridor
249,4.98,36,0.6631,116.98,626.24,143.72,702.62,130.35,702.62,True,left_pocket
249,4.98,37,0.7885,910.99,597.5,939.34,679.23,925.16,679.23,True,left_half_forward
249,4.98,47,0.6903,277.47,611.56,315.82,692.27,296.64,692.27,True,left_pocket
249,4.98,35,0.8145,550.25,717.05,591.57,812.84,570.91,812.84,True,left_pocket
249,4.98,64,0.7708,441.01,716.9,488.29,812.19,464.65,812.19,True,left_pocket
249,4.98,65,0.688,1278.72,780.97,1330.57,896.25,1304.64,896.25,True,central_corridor
249,4.98,73,0.6178,1460.59,661.3,1496.95,763.08,1478.77,763.08,True,central_corridor
249,4.98,74,0.424,242.51,504.72,263.0,557.38,252.75,557.38,True,outside
249,4.98,43,0.5445,814.62,516.65,837.03,576.27,825.82,576.27,True,left_half_forward
249,4.98,76,0.3969,1172.87,561.77,1193.51,629.83,1183.19,629.83,True,central_corridor
249,4.98,78,0.4024,1469.28,660.75,1507.63,763.74,1488.46,763.74,True,central_corridor
250,5.0,2,0.5007,1486.37,841.6,1544.38,973.66,1515.37,973.66,False,outside
250,5.0,29,0.6721,1380.48,805.13,1449.43,924.11,1414.96,924.11,True,central_corridor
250,5.0,36,0.5524,116.98,625.18,144.2,702.79,130.59,702.79,True,left_pocket
250,5.0,37,0.7509,912.48,598.49,941.24,679.54,926.86,679.54,True,left_half_forward
250,5.0,47,0.6809,278.81,612.69,314.57,693.07,296.69,693.07,True,left_pocket
250,5.0,35,0.8136,549.78,717.01,592.87,815.97,571.33,815.97,True,left_pocket
250,5.0,64,0.7994,445.89,718.55,490.11,816.34,468.0,816.34,True,left_pocket
250,5.0,65,0.6714,1283.17,780.85,1332.51,895.09,1307.84,895.09,True,central_corridor
250,5.0,73,0.5688,1461.24,661.96,1496.38,763.03,1478.81,763.03,True,central_corridor
250,5.0,74,0.3727,242.73,504.38,263.39,557.45,253.06,557.45,True,outside
250,5.0,43,0.5028,814.61,516.8,837.44,575.72,826.03,575.72,True,left_half_forward
250,5.0,76,0.483,1173.85,560.89,1195.53,629.56,1184.69,629.56,True,central_corridor
250,5.0,78,0.4112,1467.57,660.47,1509.8,763.58,1488.69,763.58,True,central_corridor
251,5.02,2,0.4877,1487.37,841.82,1544.89,973.5,1516.13,973.5,False,outside
251,5.02,29,0.6727,1380.47,806.13,1454.5,924.55,1417.48,924.55,True,central_corridor
251,5.02,36,0.5584,116.9,624.66,144.27,702.68,130.58,702.68,True,left_pocket
251,5.02,37,0.7552,912.76,598.82,941.67,679.4,927.22,679.4,True,left_half_forward
251,5.02,47,0.6836,279.15,613.0,313.88,693.12,296.52,693.12,True,left_pocket
251,5.02,35,0.8126,549.82,716.77,593.39,817.48,571.6,817.48,True,left_pocket
251,5.02,64,0.7996,447.49,719.22,490.53,817.68,469.01,817.68,True,left_pocket
251,5.02,65,0.6702,1284.61,780.91,1333.03,894.81,1308.82,894.81,True,central_corridor
251,5.02,73,0.5679,1461.34,661.87,1496.85,763.09,1479.1,763.09,True,central_corridor
251,5.02,74,0.3687,242.7,504.14,263.48,557.68,253.09,557.68,True,outside
251,5.02,43,0.5027,814.46,516.83,837.43,575.47,825.94,575.47,True,left_half_forward
251,5.02,76,0.4863,1174.03,560.71,1196.31,629.52,1185.17,629.52,True,central_corridor
251,5.02,78,0.4184,1465.97,660.17,1510.35,763.65,1488.16,763.65,True,central_corridor
251,5.02,17,0.3518,1307.36,500.95,1330.07,555.7,1318.72,555.7,True,central_corridor
252,5.04,2,0.3965,1489.5,841.88,1545.87,974.06,1517.69,974.06,False,outside
252,5.04,29,0.697,1381.21,806.21,1463.56,925.22,1422.39,925.22,True,central_corridor
252,5.04,36,0.5633,116.52,623.37,143.09,702.48,129.8,702.48,True,left_pocket
252,5.04,37,0.6577,914.57,599.79,943.39,677.79,928.98,677.79,True,left_half_forward
252,5.04,47,0.6808,278.88,612.93,312.87,694.38,295.87,694.38,True,left_pocket
252,5.04,35,0.8166,550.49,717.04,594.56,819.91,572.53,819.91,True,left_pocket
252,5.04,64,0.7789,448.61,720.31,492.77,817.99,470.69,817.99,True,left_pocket
252,5.04,65,0.6238,1287.12,779.99,1334.78,898.41,1310.95,898.41,True,central_corridor
252,5.04,73,0.5899,1460.85,667.41,1492.07,763.04,1476.46,763.04,True,central_corridor
252,5.04,74,0.3726,242.63,504.54,263.67,557.6,253.15,557.6,True,outside
252,5.04,43,0.4721,814.6,518.71,839.13,575.19,826.87,575.19,True,left_half_forward
252,5.04,76,0.5878,1174.02,562.15,1197.91,630.82,1185.96,630.82,True,central_corridor
252,5.04,78,0.5913,1473.33,663.13,1517.47,766.24,1495.4,766.24,True,central_corridor
252,5.04,17,0.3668,1308.75,502.05,1331.2,556.39,1319.97,556.39,True,central_corridor
253,5.06,2,0.3649,1493.38,841.72,1546.58,974.49,1519.98,974.49,False,outside
253,5.06,29,0.6676,1382.1,808.09,1462.0,927.36,1422.05,927.36,True,central_corridor
253,5.06,36,0.591,115.11,623.32,142.33,702.05,128.72,702.05,True,left_pocket
253,5.06,37,0.5615,915.69,600.57,945.81,675.51,930.75,675.51,True,left_half_forward
253,5.06,47,0.6087,278.41,612.86,312.24,695.41,295.33,695.41,True,left_pocket
253,5.06,35,0.8196,551.01,717.3,595.49,821.58,573.25,821.58,True,left_pocket
253,5.06,64,0.7291,452.87,719.82,495.43,816.49,474.15,816.49,True,left_pocket
253,5.06,65,0.6603,1289.48,779.65,1335.6,899.19,1312.54,899.19,True,central_corridor
253,5.06,73,0.5012,1460.95,673.36,1490.47,763.04,1475.71,763.04,True,central_corridor
253,5.06,43,0.431,814.76,519.29,840.82,575.29,827.79,575.29,True,left_half_forward
253,5.06,76,0.6381,1174.45,562.81,1200.01,633.47,1187.23,633.47,True,central_corridor
253,5.06,78,0.5153,1468.09,662.22,1521.25,771.83,1494.67,771.83,True,central_corridor
254,5.08,2,0.3799,1494.43,841.53,1546.77,974.82,1520.6,974.82,False,outside
254,5.08,29,0.6647,1382.34,808.65,1461.42,928.19,1421.88,928.19,True,central_corridor
254,5.08,36,0.5977,114.49,623.52,141.93,701.71,128.21,701.71,True,left_pocket
254,5.08,37,0.5552,915.89,600.89,946.59,674.58,931.24,674.58,True,left_half_forward
254,5.08,47,0.6157,278.12,612.82,311.93,695.76,295.03,695.76,True,left_pocket
254,5.08,35,0.8214,551.15,717.66,595.73,822.08,573.44,822.08,True,left_pocket
254,5.08,64,0.7287,454.26,719.89,496.26,815.83,475.26,815.83,True,left_pocket
254,5.08,65,0.6587,1290.19,779.46,1336.02,899.6,1313.11,899.6,True,central_corridor
254,5.08,73,0.4994,1460.97,675.01,1489.8,762.97,1475.38,762.97,True,central_corridor
254,5.08,43,0.4208,814.66,519.42,841.41,575.23,828.04,575.23,True,left_half_forward
254,5.08,76,0.6352,1174.52,562.97,1200.7,634.29,1187.61,634.29,True,central_corridor
254,5.08,78,0.5134,1465.34,661.69,1522.69,774.05,1494.01,774.05,True,central_corridor
254,5.08,79,0.4972,1476.28,659.67,1516.91,769.79,1496.6,769.79,True,central_corridor
254,5.08,80,0.3604,1459.85,664.56,1502.78,769.99,1481.31,769.99,True,central_corridor
255,5.1,2,0.3811,1494.44,841.4,1546.99,974.98,1520.71,974.98,False,outside
255,5.1,29,0.663,1382.33,808.92,1461.46,928.22,1421.9,928.22,True,central_corridor
255,5.1,36,0.5995,114.25,623.33,141.88,701.65,128.06,701.65,True,left_pocket
255,5.1,37,0.5627,915.94,600.92,946.68,674.58,931.31,674.58,True,left_half_forward
255,5.1,47,0.6265,278.08,612.74,311.91,695.79,295.0,695.79,True,left_pocket
255,5.1,35,0.8237,551.15,717.77,595.92,822.26,573.54,822.26,True,left_pocket
255,5.1,64,0.7259,454.64,719.6,496.43,815.67,475.54,815.67,True,left_pocket
255,5.1,65,0.6554,1290.37,779.37,1336.2,899.86,1313.29,899.86,True,central_corridor
255,5.1,73,0.5051,1461.0,675.5,1489.66,763.03,1475.33,763.03,True,central_corridor
255,5.1,43,0.4235,814.67,519.48,841.65,575.24,828.16,575.24,True,left_half_forward
255,5.1,76,0.6356,1174.52,563.03,1200.82,634.44,1187.67,634.44,True,central_corridor
255,5.1,78,0.5238,1463.98,661.31,1523.32,774.8,1493.65,774.8,True,central_corridor
255,5.1,79,0.4961,1475.51,659.67,1517.19,770.53,1496.35,770.53,True,central_corridor
255,5.1,80,0.3644,1459.9,664.49,1502.6,769.93,1481.25,769.93,True,central_corridor
256,5.12,2,0.5518,1495.94,840.1,1546.83,976.84,1521.38,976.84,False,outside
256,5.12,29,0.6537,1383.56,810.06,1461.74,929.09,1422.65,929.09,True,central_corridor
256,5.12,36,0.5902,114.07,623.83,141.65,701.56,127.86,701.56,True,left_pocket
256,5.12,37,0.5919,918.18,601.02,949.55,672.73,933.87,672.73,True,left_half_forward
256,5.12,47,0.6151,277.52,611.82,311.66,696.31,294.59,696.31,True,left_pocket
256,5.12,35,0.8214,552.36,717.86,596.49,822.88,574.42,822.88,True,left_pocket
256,5.12,64,0.7419,457.56,720.52,499.02,815.3,478.29,815.3,True,left_pocket
256,5.12,65,0.654,1294.33,779.7,1336.82,897.81,1315.57,897.81,True,central_corridor
256,5.12,73,0.5172,1460.92,677.03,1488.94,763.94,1474.93,763.94,True,central_corridor
256,5.12,43,0.4207,815.52,519.99,841.87,575.87,828.7,575.87,True,left_half_forward
256,5.12,76,0.5532,1174.95,562.81,1205.59,635.37,1190.27,635.37,True,central_corridor
256,5.12,79,0.5954,1475.79,660.02,1519.65,771.9,1497.72,771.9,True,central_corridor
256,5.12,74,0.3647,242.71,504.98,263.66,558.02,253.18,558.02,True,outside
257,5.14,2,0.5088,1500.58,838.54,1547.7,977.9,1524.14,977.9,False,outside
257,5.14,29,0.6977,1388.95,808.6,1459.04,927.13,1423.99,927.13,True,central_corridor
257,5.14,36,0.629,113.76,624.38,140.24,700.71,127.0,700.71,True,left_pocket
257,5.14,37,0.6022,919.43,600.39,951.59,671.47,935.51,671.47,True,left_half_forward
257,5.14,47,0.6139,277.22,610.26,310.01,696.2,293.62,696.2,True,left_pocket
257,5.14,35,0.814,552.42,717.57,596.93,823.37,574.68,823.37,True,left_pocket
257,5.14,64,0.8082,458.07,719.17,502.91,813.84,480.49,813.84,True,left_pocket
257,5.14,65,0.7411,1296.39,779.56,1338.12,900.34,1317.26,900.34,True,central_corridor
257,5.14,73,0.4604,1461.02,679.18,1489.98,766.3,1475.5,766.3,True,central_corridor
257,5.14,43,0.4378,816.1,520.14,842.3,576.97,829.2,576.97,True,left_half_forward
257,5.14,76,0.5219,1176.57,562.52,1208.01,634.63,1192.29,634.63,True,central_corridor
257,5.14,79,0.4428,1482.16,660.14,1517.95,764.83,1500.05,764.83,True,central_corridor
257,5.14,74,0.3962,242.79,505.26,263.62,557.71,253.21,557.71,True,outside
257,5.14,72,0.3653,1269.6,492.46,1289.73,546.42,1279.66,546.42,True,central_corridor
257,5.14,17,0.3851,1310.61,503.05,1336.82,556.66,1323.71,556.66,True,central_corridor
258,5.16,2,0.505,1502.2,837.81,1548.15,978.28,1525.18,978.28,False,outside
258,5.16,29,0.6951,1391.01,808.18,1457.36,926.23,1424.18,926.23,True,central_corridor
258,5.16,36,0.633,113.53,624.44,139.94,700.5,126.74,700.5,True,left_pocket
258,5.16,37,0.5981,919.64,600.14,952.34,671.06,935.99,671.06,True,left_half_forward
258,5.16,47,0.62,277.17,609.68,309.75,696.15,293.46,696.15,True,left_pocket
258,5.16,35,0.8172,552.43,717.42,597.1,823.56,574.77,823.56,True,left_pocket
258,5.16,64,0.8049,458.02,718.49,504.03,813.67,481.02,813.67,True,left_pocket
258,5.16,65,0.7447,1296.9,779.36,1338.27,901.13,1317.58,901.13,True,central_corridor
258,5.16,73,0.4567,1460.86,679.84,1490.25,767.79,1475.56,767.79,True,central_corridor
258,5.16,43,0.428,816.16,520.18,842.35,577.35,829.25,577.35,True,left_half_forward
258,5.16,76,0.5274,1177.13,562.25,1208.81,634.1,1192.97,634.1,True,central_corridor
258,5.16,79,0.4414,1484.21,660.19,1517.12,762.89,1500.66,762.89,True,central_corridor
258,5.16,74,0.3932,242.7,505.34,263.57,557.82,253.14,557.82,True,outside
258,5.16,72,0.356,1269.64,492.79,1289.8,546.21,1279.72,546.21,True,central_corridor
258,5.16,17,0.3848,1310.54,503.3,1337.02,556.92,1323.78,556.92,True,central_corridor
259,5.18,2,0.3855,1506.43,838.41,1547.42,978.36,1526.92,978.36,False,outside
259,5.18,29,0.6697,1394.78,809.07,1457.33,926.34,1426.05,926.34,True,central_corridor
259,5.18,36,0.6543,113.01,619.81,139.66,700.47,126.33,700.47,True,left_pocket
259,5.18,37,0.5797,921.17,599.98,954.19,671.01,937.68,671.01,True,left_half_forward
259,5.18,47,0.5397,275.95,609.59,306.68,696.25,291.31,696.25,True,left_pocket
259,5.18,35,0.802,553.12,717.25,596.13,822.01,574.62,822.01,True,left_pocket
259,5.18,64,0.8603,458.31,719.47,509.75,816.88,484.03,816.88,True,left_pocket
259,5.18,65,0.7131,1298.05,779.8,1339.95,903.51,1319.0,903.51,True,central_corridor
259,5.18,73,0.4681,1461.22,681.05,1491.28,768.69,1476.25,768.69,True,central_corridor
259,5.18,43,0.477,817.05,519.86,843.23,577.86,830.14,577.86,True,left_half_forward
259,5.18,76,0.5079,1179.18,562.01,1209.56,635.11,1194.37,635.11,True,central_corridor
259,5.18,79,0.4814,1484.34,659.43,1517.92,766.28,1501.13,766.28,True,central_corridor
259,5.18,74,0.4143,242.85,505.42,263.98,557.95,253.42,557.95,True,outside
259,5.18,72,0.3749,1270.96,492.91,1290.7,544.72,1280.83,544.72,True,central_corridor
259,5.18,17,0.4278,1312.16,503.2,1337.38,556.18,1324.77,556.18,True,central_corridor
259,5.18,78,0.4292,1463.38,661.51,1519.88,774.0,1491.63,774.0,True,central_corridor
259,5.18,80,0.4466,1461.71,674.92,1503.83,772.42,1482.77,772.42,True,central_corridor
260,5.2,2,0.3807,1507.51,839.04,1547.17,978.47,1527.34,978.47,False,outside
260,5.2,29,0.6673,1395.85,809.04,1457.1,926.81,1426.47,926.81,True,central_corridor
260,5.2,36,0.6543,112.87,618.1,139.54,700.42,126.2,700.42,True,left_pocket
260,5.2,37,0.5874,921.55,599.89,954.83,670.91,938.19,670.91,True,left_half_forward
260,5.2,47,0.5397,275.24,609.43,305.6,696.04,290.42,696.04,True,left_pocket
260,5.2,35,0.8046,553.43,717.21,595.55,821.44,574.49,821.44,True,left_pocket
260,5.2,64,0.8588,458.38,719.97,511.79,817.85,485.08,817.85,True,left_pocket
260,5.2,65,0.7109,1298.27,779.66,1340.51,904.18,1319.39,904.18,True,central_corridor
260,5.2,73,0.46,1461.2,681.33,1491.63,769.83,1476.41,769.83,True,central_corridor
260,5.2,43,0.4788,817.38,519.62,843.52,578.18,830.45,578.18,True,left_half_forward
260,5.2,76,0.5136,1179.67,562.14,1209.55,635.08,1194.61,635.08,True,central_corridor
260,5.2,79,0.4794,1484.08,659.19,1518.13,768.43,1501.11,768.43,True,central_corridor
260,5.2,74,0.4188,242.76,505.34,264.04,558.13,253.4,558.13,True,outside
260,5.2,72,0.3816,1271.21,492.87,1290.8,544.0,1281.0,544.0,True,central_corridor
260,5.2,17,0.4236,1312.7,502.71,1337.61,555.96,1325.15,555.96,True,central_corridor
260,5.2,78,0.4358,1463.49,661.53,1519.0,774.4,1491.25,774.4,True,central_corridor
260,5.2,80,0.4335,1461.83,675.66,1504.31,773.28,1483.07,773.28,True,central_corridor
261,5.22,29,0.7356,1402.75,808.67,1462.96,926.49,1432.85,926.49,True,central_corridor
261,5.22,36,0.6178,112.3,617.27,139.19,699.59,125.74,699.59,True,left_pocket
261,5.22,37,0.5798,926.46,600.33,956.38,669.69,941.42,669.69,True,left_half_forward
261,5.22,47,0.5273,274.43,609.38,305.19,697.6,289.81,697.6,True,left_pocket
261,5.22,35,0.7778,554.83,717.05,595.59,823.9,575.21,823.9,True,left_pocket
261,5.22,64,0.7938,459.48,719.45,516.49,818.51,487.99,818.51,True,left_pocket
261,5.22,65,0.6968,1298.75,780.73,1342.9,904.84,1320.83,904.84,True,central_corridor
261,5.22,73,0.4257,1462.31,682.04,1489.01,767.27,1475.66,767.27,True,central_corridor
261,5.22,43,0.4906,817.93,518.02,844.69,577.67,831.31,577.67,True,left_half_forward
261,5.22,76,0.4182,1180.33,561.78,1209.83,633.68,1195.08,633.68,True,central_corridor
261,5.22,79,0.4977,1483.81,660.09,1519.74,768.54,1501.78,768.54,True,central_corridor
261,5.22,74,0.4175,243.08,505.12,264.05,558.17,253.57,558.17,True,outside
261,5.22,72,0.4196,1271.76,493.29,1291.66,545.48,1281.71,545.48,True,central_corridor
261,5.22,17,0.4344,1314.56,502.63,1338.83,556.59,1326.69,556.59,True,central_corridor
261,5.22,78,0.52,1465.96,662.88,1520.36,773.17,1493.16,773.17,True,central_corridor
262,5.24,29,0.7428,1404.98,808.01,1465.04,926.3,1435.01,926.3,True,central_corridor
262,5.24,36,0.6235,111.96,616.98,139.37,699.07,125.67,699.07,True,left_pocket
262,5.24,37,0.583,928.22,600.4,956.82,669.51,942.52,669.51,True,left_half_forward
262,5.24,47,0.5314,273.93,609.5,304.91,698.31,289.42,698.31,True,left_pocket
262,5.24,35,0.7654,555.19,716.73,595.65,824.77,575.42,824.77,True,left_pocket
262,5.24,64,0.796,459.88,719.27,518.15,819.13,489.02,819.13,True,left_pocket
262,5.24,65,0.6952,1298.84,781.32,1343.69,905.09,1321.27,905.09,True,central_corridor
262,5.24,73,0.4286,1462.49,682.25,1487.8,765.95,1475.14,765.95,True,central_corridor
262,5.24,43,0.4897,817.99,517.61,844.96,577.69,831.47,577.69,True,left_half_forward
262,5.24,76,0.4101,1181.04,562.04,1209.33,632.16,1195.19,632.16,True,central_corridor
262,5.24,79,0.4928,1483.86,660.43,1520.15,768.37,1502.01,768.37,True,central_corridor
262,5.24,74,0.4198,243.08,504.95,264.02,558.28,253.55,558.28,True,outside
262,5.24,72,0.4244,1271.72,493.43,1291.81,546.35,1281.76,546.35,True,central_corridor
262,5.24,17,0.4292,1315.29,502.38,1339.5,556.44,1327.4,556.44,True,central_corridor
262,5.24,78,0.5157,1467.36,663.65,1520.51,772.69,1493.94,772.69,True,central_corridor
263,5.26,29,0.6097,1412.87,809.93,1464.53,928.26,1438.7,928.26,True,central_corridor
263,5.26,36,0.5615,111.68,616.61,139.36,698.99,125.52,698.99,True,left_pocket
263,5.26,37,0.5985,929.95,599.72,958.49,669.24,944.22,669.24,True,left_half_forward
263,5.26,47,0.478,273.53,609.49,304.28,698.21,288.9,698.21,True,left_pocket
263,5.26,35,0.7905,557.69,718.22,597.2,825.83,577.45,825.83,True,left_pocket
263,5.26,64,0.8426,462.66,720.43,521.64,820.59,492.15,820.59,True,left_pocket
263,5.26,65,0.7113,1300.3,782.45,1347.06,904.06,1323.68,904.06,True,central_corridor
263,5.26,73,0.492,1461.18,681.68,1488.32,767.67,1474.75,767.67,True,central_corridor
263,5.26,43,0.4649,819.06,516.73,845.32,577.06,832.19,577.06,True,left_half_forward
263,5.26,76,0.3852,1182.11,562.12,1209.47,630.09,1195.79,630.09,True,central_corridor
263,5.26,79,0.4463,1487.77,661.19,1521.17,760.53,1504.47,760.53,True,central_corridor
263,5.26,74,0.4173,243.29,504.97,264.05,558.66,253.67,558.66,True,outside
263,5.26,72,0.4326,1271.63,494.43,1293.09,547.13,1282.36,547.13,True,central_corridor
263,5.26,17,0.4365,1316.97,501.49,1341.35,555.96,1329.16,555.96,True,central_corridor
264,5.28,29,0.5939,1416.13,809.05,1464.72,929.05,1440.43,929.05,True,central_corridor
264,5.28,36,0.567,111.41,616.4,139.54,699.14,125.48,699.14,True,left_pocket
264,5.28,37,0.5854,930.32,599.43,958.83,669.31,944.58,669.31,True,left_half_forward
264,5.28,47,0.5077,273.58,609.56,304.13,698.35,288.86,698.35,True,left_pocket
264,5.28,35,0.7977,558.68,718.71,597.64,826.19,578.16,826.19,True,left_pocket
264,5.28,64,0.8432,463.77,720.88,522.92,821.16,493.35,821.16,True,left_pocket
264,5.28,65,0.7067,1300.9,783.04,1348.19,903.79,1324.54,903.79,True,central_corridor
264,5.28,73,0.4944,1460.53,681.43,1488.48,768.13,1474.5,768.13,True,central_corridor
264,5.28,43,0.4614,819.36,516.16,845.52,576.81,832.44,576.81,True,left_half_forward
264,5.28,76,0.3868,1182.2,562.21,1209.38,629.54,1195.79,629.54,True,central_corridor
264,5.28,79,0.4425,1489.16,661.3,1521.47,756.74,1505.32,756.74,True,central_corridor
264,5.28,74,0.4017,243.23,504.9,263.83,558.97,253.53,558.97,True,outside
264,5.28,72,0.425,1271.4,494.83,1293.66,547.38,1282.53,547.38,True,central_corridor
264,5.28,17,0.4548,1317.52,501.23,1341.89,556.38,1329.7,556.38,True,central_corridor
265,5.3,29,0.644,1426.92,806.47,1468.07,926.93,1447.5,926.93,True,central_corridor
265,5.3,36,0.558,110.74,616.17,139.68,698.63,125.21,698.63,True,left_pocket
265,5.3,37,0.6645,933.23,598.54,959.22,669.96,946.22,669.96,True,left_half_forward
265,5.3,47,0.5044,272.81,610.19,300.54,697.4,286.68,697.4,True,left_pocket
265,5.3,35,0.7531,560.62,720.21,597.28,827.09,578.95,827.09,True,left_pocket
265,5.3,64,0.7709,475.19,720.93,526.43,821.24,500.81,821.24,True,left_pocket
265,5.3,65,0.7239,1302.28,783.9,1350.25,903.83,1326.26,903.83,True,central_corridor
265,5.3,73,0.5086,1462.16,683.28,1489.74,768.61,1475.95,768.61,True,central_corridor
265,5.3,43,0.4378,820.66,517.81,846.69,576.96,833.68,576.96,True,left_half_forward
265,5.3,79,0.436,1489.87,660.29,1523.89,759.88,1506.88,759.88,True,central_corridor
265,5.3,74,0.4003,242.74,505.01,264.45,559.59,253.59,559.59,True,outside
265,5.3,72,0.4357,1271.96,494.99,1294.35,547.12,1283.16,547.12,True,central_corridor
265,5.3,17,0.482,1317.88,501.5,1342.64,556.66,1330.26,556.66,True,central_corridor
266,5.32,29,0.6491,1430.51,805.5,1469.25,926.14,1449.88,926.14,True,central_corridor
266,5.32,36,0.5687,110.29,616.03,139.55,698.44,124.92,698.44,True,left_pocket
266,5.32,37,0.6682,934.11,598.22,959.24,670.39,946.68,670.39,True,left_half_forward
266,5.32,47,0.5181,272.36,610.26,299.28,697.0,285.82,697.0,True,left_pocket
266,5.32,35,0.7514,561.15,720.58,597.03,827.24,579.09,827.24,True,left_pocket
266,5.32,64,0.7628,479.99,720.72,527.55,821.14,503.77,821.14,True,left_pocket
266,5.32,65,0.7226,1302.63,784.08,1350.86,903.86,1326.75,903.86,True,central_corridor
266,5.32,73,0.5027,1462.81,683.92,1490.09,768.63,1476.45,768.63,True,central_corridor
266,5.32,43,0.4417,820.86,518.3,846.95,577.15,833.91,577.15,True,left_half_forward
266,5.32,79,0.4302,1490.27,659.86,1524.63,760.44,1507.45,760.44,True,central_corridor
266,5.32,74,0.399,242.39,505.16,264.52,559.89,253.46,559.89,True,outside
266,5.32,72,0.4283,1271.98,495.03,1294.71,546.96,1283.34,546.96,True,central_corridor
266,5.32,17,0.4812,1317.92,501.23,1342.83,556.71,1330.37,556.71,True,central_corridor
267,5.34,29,0.6396,1434.3,805.7,1475.37,926.1,1454.83,926.1,True,central_corridor
267,5.34,36,0.6052,109.98,616.1,140.13,699.06,125.05,699.06,True,left_pocket
267,5.34,37,0.6378,937.12,597.69,959.89,670.65,948.51,670.65,True,left_half_forward
267,5.34,47,0.5752,272.43,611.49,299.65,697.92,286.04,697.92,True,left_pocket
267,5.34,35,0.7767,561.44,723.18,598.94,829.4,580.19,829.4,True,left_pocket
267,5.34,64,0.8206,491.63,723.17,530.54,824.48,511.09,824.48,True,left_pocket
267,5.34,65,0.7667,1303.74,784.51,1350.41,904.36,1327.08,904.36,True,central_corridor
267,5.34,73,0.5767,1465.4,681.26,1493.54,773.3,1479.47,773.3,True,central_corridor
267,5.34,43,0.3964,823.52,520.0,847.87,578.26,835.7,578.26,True,left_half_forward
267,5.34,74,0.386,242.73,505.48,264.92,559.87,253.82,559.87,True,outside
267,5.34,72,0.423,1273.14,495.45,1295.82,547.33,1284.48,547.33,True,central_corridor
267,5.34,17,0.4682,1318.79,501.94,1343.25,556.92,1331.02,556.92,True,central_corridor
268,5.36,29,0.6508,1435.57,806.07,1477.06,925.65,1456.32,925.65,True,central_corridor
268,5.36,36,0.5993,110.02,616.1,140.26,699.15,125.14,699.15,True,left_pocket
268,5.36,37,0.6323,938.0,597.36,960.1,671.0,949.05,671.0,True,left_half_forward
268,5.36,47,0.5685,272.31,611.82,299.78,698.24,286.05,698.24,True,left_pocket
268,5.36,35,0.7803,561.25,723.86,599.54,830.39,580.39,830.39,True,left_pocket
268,5.36,64,0.8221,495.68,723.74,531.27,825.47,513.47,825.47,True,left_pocket
268,5.36,65,0.7664,1304.18,785.56,1349.77,904.35,1326.97,904.35,True,central_corridor
268,5.36,73,0.5681,1466.23,680.39,1494.6,774.47,1480.41,774.47,True,central_corridor
268,5.36,43,0.4209,824.79,520.54,848.5,578.62,836.64,578.62,True,left_half_forward
268,5.36,74,0.3805,242.72,505.94,264.8,559.84,253.76,559.84,True,outside
268,5.36,72,0.411,1273.54,495.72,1296.43,547.56,1284.98,547.56,True,central_corridor
268,5.36,17,0.4518,1319.03,502.0,1343.05,556.95,1331.04,556.95,True,central_corridor
268,5.36,82,0.3611,477.93,725.28,532.21,829.37,505.07,829.37,True,left_pocket
268,5.36,83,0.3643,766.06,490.67,786.08,541.22,776.07,541.22,True,left_half_forward
269,5.38,29,0.6573,1435.87,805.9,1477.0,925.34,1456.43,925.34,True,central_corridor
269,5.38,36,0.5986,110.04,616.17,140.39,699.2,125.21,699.2,True,left_pocket
269,5.38,37,0.6262,938.22,597.29,960.12,670.92,949.17,670.92,True,left_half_forward
269,5.38,47,0.5668,272.24,612.05,299.96,698.31,286.1,698.31,True,left_pocket
269,5.38,35,0.7779,561.21,724.04,599.82,830.66,580.52,830.66,True,left_pocket
269,5.38,64,0.823,496.8,723.92,531.4,825.85,514.1,825.85,True,left_pocket
269,5.38,65,0.7716,1304.28,785.99,1349.39,904.51,1326.83,904.51,True,central_corridor
269,5.38,73,0.5647,1466.6,680.02,1495.15,774.92,1480.87,774.92,True,central_corridor
269,5.38,43,0.4221,825.22,520.71,848.73,578.7,836.98,578.7,True,left_half_forward
269,5.38,74,0.3752,242.72,506.05,264.87,559.63,253.79,559.63,True,outside
269,5.38,72,0.412,1273.65,495.81,1296.62,547.71,1285.14,547.71,True,central_corridor
269,5.38,17,0.4582,1319.07,502.03,1342.91,556.96,1330.99,556.96,True,central_corridor
269,5.38,82,0.3516,478.53,725.18,532.2,829.31,505.36,829.31,True,left_pocket
269,5.38,83,0.3591,766.04,490.69,786.03,541.32,776.04,541.32,True,left_half_forward
270,5.4,29,0.6611,1437.35,805.34,1479.13,925.75,1458.24,925.75,True,central_corridor
270,5.4,36,0.6752,110.04,616.34,140.89,698.68,125.46,698.68,True,left_pocket
270,5.4,37,0.6883,939.08,598.26,961.41,670.78,950.24,670.78,True,left_half_forward
270,5.4,47,0.5743,272.42,613.32,299.97,700.1,286.19,700.1,True,left_pocket
270,5.4,35,0.7976,563.72,727.72,600.44,832.25,582.08,832.25,True,left_pocket
270,5.4,64,0.8176,495.65,726.85,536.23,826.72,515.94,826.72,True,left_pocket
270,5.4,65,0.7903,1302.58,786.59,1350.83,904.9,1326.71,904.9,True,central_corridor
270,5.4,73,0.6444,1467.52,680.24,1495.83,776.25,1481.68,776.25,True,central_corridor
270,5.4,43,0.4617,826.14,521.08,849.17,578.73,837.65,578.73,True,left_half_forward
270,5.4,74,0.3781,243.62,506.21,265.58,558.92,254.6,558.92,True,outside
270,5.4,72,0.4543,1273.86,496.45,1297.35,547.45,1285.61,547.45,True,central_corridor
270,5.4,17,0.481,1320.46,502.69,1343.99,555.25,1332.23,555.25,True,central_corridor
270,5.4,83,0.4086,766.12,490.72,785.4,542.28,775.76,542.28,True,left_half_forward
270,5.4,79,0.3835,1495.41,660.06,1527.36,752.8,1511.38,752.8,True,central_corridor
271,5.42,29,0.6624,1437.43,804.83,1480.16,925.79,1458.8,925.79,True,central_corridor
271,5.42,36,0.6846,110.01,616.25,140.99,698.22,125.5,698.22,True,left_pocket
271,5.42,37,0.6868,939.21,598.63,961.64,670.62,950.42,670.62,True,left_half_forward
271,5.42,47,0.5794,272.58,613.56,300.04,700.17,286.31,700.17,True,left_pocket
271,5.42,35,0.7951,564.47,728.84,600.54,832.73,582.5,832.73,True,left_pocket
271,5.42,64,0.8103,495.35,727.75,537.91,826.9,516.63,826.9,True,left_pocket
271,5.42,65,0.791,1301.61,786.69,1351.35,905.03,1326.48,905.03,True,central_corridor
271,5.42,73,0.6563,1467.77,680.07,1496.06,776.93,1481.91,776.93,True,central_corridor
271,5.42,43,0.4632,826.38,521.12,849.33,578.75,837.86,578.75,True,left_half_forward
271,5.42,74,0.3897,243.87,506.02,265.92,558.51,254.9,558.51,True,outside
271,5.42,72,0.4579,1273.9,496.61,1297.62,547.3,1285.76,547.3,True,central_corridor
271,5.42,17,0.4812,1320.82,502.91,1344.17,554.81,1332.5,554.81,True,central_corridor
271,5.42,83,0.4153,765.99,490.68,785.15,542.62,775.57,542.62,True,left_half_forward
271,5.42,84,0.4073,1657.97,494.02,1680.03,545.23,1669.0,545.23,True,right_half_forward
271,5.42,79,0.3971,1495.93,659.9,1527.63,751.43,1511.78,751.43,True,central_corridor
272,5.44,29,0.7009,1435.99,806.69,1483.17,929.0,1459.58,929.0,True,central_corridor
272,5.44,36,0.6182,109.69,616.43,140.07,698.72,124.88,698.72,True,left_pocket
272,5.44,37,0.6868,940.08,598.95,963.21,671.42,951.65,671.42,True,left_half_forward
272,5.44,47,0.5729,272.71,613.86,300.08,699.8,286.39,699.8,True,left_pocket
272,5.44,35,0.7921,564.9,732.54,601.71,836.52,583.31,836.52,True,left_pocket
272,5.44,64,0.7344,495.4,729.62,542.75,828.08,519.07,828.08,True,left_pocket
272,5.44,65,0.7849,1304.5,786.38,1352.17,904.96,1328.33,904.96,True,central_corridor
272,5.44,73,0.6029,1468.79,679.42,1499.11,775.35,1483.95,775.35,True,central_corridor
272,5.44,43,0.3842,827.33,521.01,849.99,577.54,838.66,577.54,True,left_half_forward
272,5.44,74,0.3877,244.54,506.34,265.96,558.55,255.25,558.55,True,outside
272,5.44,72,0.4577,1274.15,496.74,1298.28,547.58,1286.22,547.58,True,central_corridor
272,5.44,17,0.5099,1321.21,502.42,1345.19,556.02,1333.2,556.02,True,central_corridor
272,5.44,83,0.4017,765.85,490.53,785.25,541.64,775.55,541.64,True,left_half_forward
272,5.44,84,0.4056,1658.85,493.33,1679.99,545.12,1669.42,545.12,True,right_half_forward
272,5.44,79,0.3921,1501.01,659.99,1528.71,747.08,1514.86,747.08,True,central_corridor
273,5.46,29,0.6942,1435.2,808.08,1484.01,930.12,1459.6,930.12,True,central_corridor
273,5.46,36,0.6152,109.47,616.33,139.36,698.78,124.42,698.78,True,left_pocket
273,5.46,37,0.69,940.29,599.15,963.54,671.86,951.92,671.86,True,left_half_forward
273,5.46,47,0.5822,272.65,613.95,300.09,699.7,286.37,699.7,True,left_pocket
273,5.46,35,0.8006,564.95,733.66,602.22,837.88,583.58,837.88,True,left_pocket
273,5.46,64,0.7234,495.51,730.03,544.41,828.37,519.96,828.37,True,left_pocket
273,5.46,65,0.784,1305.41,786.11,1352.48,904.96,1328.95,904.96,True,central_corridor
273,5.46,73,0.5932,1468.99,678.47,1499.86,774.71,1484.42,774.71,True,central_corridor
273,5.46,43,0.3702,827.47,521.07,850.12,576.97,838.8,576.97,True,left_half_forward
273,5.46,74,0.4014,244.73,506.21,265.91,558.94,255.32,558.94,True,outside
273,5.46,72,0.4626,1274.23,496.82,1298.47,547.73,1286.35,547.73,True,central_corridor
273,5.46,17,0.5109,1321.22,502.27,1345.29,556.51,1333.26,556.51,True,central_corridor
273,5.46,83,0.4036,765.76,490.44,785.27,541.45,775.51,541.45,True,left_half_forward
273,5.46,84,0.4059,1658.99,493.06,1679.97,544.99,1669.48,544.99,True,right_half_forward
273,5.46,79,0.3953,1502.52,659.92,1528.99,746.85,1515.75,746.85,True,central_corridor
274,5.48,29,0.5839,1435.95,808.5,1485.92,930.42,1460.93,930.42,True,central_corridor
274,5.48,36,0.6312,109.68,616.2,139.25,698.32,124.46,698.32,True,left_pocket
274,5.48,37,0.6099,940.7,599.28,966.62,677.26,953.66,677.26,True,left_half_forward
274,5.48,47,0.6166,271.67,614.3,300.33,700.24,286.0,700.24,True,left_pocket
274,5.48,35,0.7419,563.5,734.74,606.34,838.39,584.92,838.39,True,left_pocket
274,5.48,64,0.7529,501.36,730.1,548.87,827.94,525.12,827.94,True,left_pocket
274,5.48,65,0.7176,1307.22,786.6,1354.6,905.3,1330.91,905.3,True,central_corridor
274,5.48,73,0.5987,1468.7,678.05,1500.4,775.72,1484.55,775.72,True,central_corridor
274,5.48,43,0.4088,828.18,520.67,850.38,578.67,839.28,578.67,True,left_half_forward
274,5.48,74,0.3729,245.86,506.07,266.52,559.74,256.19,559.74,True,outside
274,5.48,72,0.4544,1274.98,496.99,1298.7,548.08,1286.84,548.08,True,central_corridor
274,5.48,17,0.5653,1322.42,502.61,1346.89,556.38,1334.66,556.38,True,central_corridor
274,5.48,83,0.3836,766.33,490.49,785.17,534.91,775.75,534.91,True,left_half_forward
274,5.48,84,0.4494,1659.83,491.27,1681.07,544.89,1670.45,544.89,True,right_half_forward
274,5.48,79,0.4415,1504.01,659.16,1530.76,752.62,1517.39,752.62,True,central_corridor
274,5.48,2,0.3921,1514.02,844.81,1583.04,982.96,1548.53,982.96,False,outside
275,5.5,29,0.6426,1437.33,808.81,1491.77,930.48,1464.55,930.48,True,central_corridor
275,5.5,36,0.6332,109.72,615.66,139.2,697.11,124.46,697.11,True,left_pocket
275,5.5,37,0.5642,942.13,600.33,970.66,674.63,956.39,674.63,True,left_half_forward
275,5.5,47,0.6461,270.63,614.78,300.6,700.2,285.61,700.2,True,left_pocket
275,5.5,35,0.7063,563.56,736.83,611.89,839.42,587.72,839.42,True,left_pocket
275,5.5,64,0.8464,505.27,731.88,553.45,827.46,529.36,827.46,True,left_pocket
275,5.5,65,0.7448,1315.62,789.92,1355.76,906.51,1335.69,906.51,True,central_corridor
275,5.5,73,0.6457,1468.59,678.48,1501.92,775.92,1485.26,775.92,True,central_corridor
275,5.5,43,0.3746,828.85,521.55,851.65,579.66,840.25,579.66,True,left_half_forward
275,5.5,74,0.379,246.99,506.48,267.33,560.8,257.16,560.8,True,outside
275,5.5,72,0.3951,1275.35,496.98,1299.46,549.53,1287.41,549.53,True,central_corridor
275,5.5,17,0.5074,1323.1,502.56,1347.69,557.36,1335.4,557.36,True,central_corridor
275,5.5,83,0.3911,766.4,490.47,785.17,536.57,775.79,536.57,True,left_half_forward
275,5.5,84,0.4263,1659.86,490.83,1681.65,546.67,1670.75,546.67,True,right_half_forward
275,5.5,79,0.476,1505.05,657.81,1534.61,758.97,1519.83,758.97,True,central_corridor
275,5.5,76,0.3683,1196.82,562.83,1219.61,629.25,1208.21,629.25,True,central_corridor
276,5.52,29,0.636,1437.79,809.14,1493.98,930.65,1465.88,930.65,True,central_corridor
276,5.52,36,0.631,109.71,615.63,139.13,696.79,124.42,696.79,True,left_pocket
276,5.52,37,0.559,942.44,600.89,971.98,673.51,957.21,673.51,True,left_half_forward
276,5.52,47,0.6494,270.09,614.91,300.6,700.14,285.34,700.14,True,left_pocket
276,5.52,35,0.7095,563.48,737.5,613.68,840.08,588.58,840.08,True,left_pocket
276,5.52,64,0.8421,506.85,732.47,554.86,827.05,530.86,827.05,True,left_pocket
276,5.52,65,0.75,1318.89,790.73,1356.06,906.83,1337.47,906.83,True,central_corridor
276,5.52,73,0.6395,1468.42,678.64,1502.36,775.78,1485.39,775.78,True,central_corridor
276,5.52,43,0.3726,829.0,522.1,852.19,580.01,840.59,580.01,True,left_half_forward
276,5.52,74,0.3852,247.31,506.57,267.37,561.12,257.34,561.12,True,outside
276,5.52,72,0.3891,1275.37,496.86,1299.79,549.95,1287.58,549.95,True,central_corridor
276,5.52,17,0.4924,1323.23,502.51,1347.78,558.12,1335.51,558.12,True,central_corridor
276,5.52,83,0.3971,766.24,490.43,785.12,537.27,775.68,537.27,True,left_half_forward
276,5.52,84,0.4353,1659.88,490.31,1681.76,547.15,1670.82,547.15,True,right_half_forward
276,5.52,79,0.4791,1505.3,657.32,1536.02,761.77,1520.66,761.77,True,central_corridor
276,5.52,76,0.3629,1197.45,562.81,1219.78,629.12,1208.61,629.12,True,central_corridor
277,5.54,29,0.6787,1439.62,812.36,1496.89,929.42,1468.25,929.42,True,central_corridor
277,5.54,36,0.6397,109.58,614.98,138.45,694.42,124.02,694.42,True,left_pocket
277,5.54,37,0.5301,942.94,600.63,975.11,672.5,959.03,672.5,True,left_half_forward
277,5.54,47,0.668,268.6,614.74,304.39,701.32,286.5,701.32,True,left_pocket
277,5.54,35,0.7085,563.68,738.32,617.94,841.74,590.81,841.74,True,left_pocket
277,5.54,64,0.7937,508.87,731.43,560.96,825.75,534.92,825.75,True,left_pocket
277,5.54,65,0.663,1323.55,795.58,1358.29,906.82,1340.92,906.82,True,central_corridor
277,5.54,73,0.6827,1467.61,676.49,1503.18,775.8,1485.4,775.8,True,central_corridor
277,5.54,43,0.3879,829.76,522.97,853.38,580.2,841.57,580.2,True,left_half_forward
277,5.54,74,0.3954,247.36,506.05,266.93,561.82,257.14,561.82,True,outside
277,5.54,72,0.3807,1276.85,497.0,1300.32,548.67,1288.58,548.67,True,central_corridor
277,5.54,17,0.5058,1324.6,501.68,1349.56,559.04,1337.08,559.04,True,central_corridor
277,5.54,83,0.393,766.27,490.51,785.53,539.34,775.9,539.34,True,left_half_forward
277,5.54,84,0.4379,1661.2,490.08,1683.52,546.85,1672.36,546.85,True,right_half_forward
277,5.54,79,0.5503,1505.5,657.46,1540.38,765.6,1522.94,765.6,True,central_corridor
277,5.54,76,0.4319,1197.46,563.18,1223.25,630.45,1210.35,630.45,True,central_corridor
278,5.56,29,0.6772,1440.12,813.43,1498.23,929.0,1469.17,929.0,True,central_corridor
278,5.56,36,0.6383,109.3,614.71,138.46,693.54,123.88,693.54,True,left_pocket
278,5.56,37,0.5323,942.16,601.46,975.96,672.61,959.06,672.61,True,left_half_forward
278,5.56,47,0.6648,267.9,614.61,305.44,701.73,286.67,701.73,True,left_pocket
278,5.56,35,0.7111,563.4,738.69,618.88,842.4,591.14,842.4,True,left_pocket
278,5.56,64,0.7925,509.6,731.19,563.02,825.41,536.31,825.41,True,left_pocket
278,5.56,65,0.6693,1324.97,797.1,1358.98,906.86,1341.97,906.86,True,central_corridor
278,5.56,73,0.6764,1467.13,675.81,1503.46,775.66,1485.3,775.66,True,central_corridor
278,5.56,43,0.3921,830.02,523.33,853.83,580.29,841.92,580.29,True,left_half_forward
278,5.56,74,0.4187,247.21,505.67,266.65,562.24,256.93,562.24,True,outside
278,5.56,72,0.3925,1277.23,496.94,1300.27,548.27,1288.75,548.27,True,central_corridor
278,5.56,17,0.5071,1324.9,501.18,1350.21,559.44,1337.56,559.44,True,central_corridor
278,5.56,83,0.3927,766.25,490.52,785.67,539.98,775.96,539.98,True,left_half_forward
278,5.56,84,0.4417,1661.51,490.03,1684.22,546.82,1672.87,546.82,True,right_half_forward
278,5.56,79,0.5563,1505.32,657.36,1541.92,767.12,1523.62,767.12,True,central_corridor
278,5.56,76,0.4496,1197.65,563.19,1224.53,631.07,1211.09,631.07,True,central_corridor
279,5.58,29,0.6745,1440.29,813.63,1498.48,928.83,1469.39,928.83,True,central_corridor
279,5.58,36,0.6312,109.29,614.49,138.6,693.44,123.94,693.44,True,left_pocket
279,5.58,37,0.5324,942.51,600.73,976.51,672.26,959.51,672.26,True,left_half_forward
279,5.58,47,0.6572,267.6,614.57,305.49,701.61,286.54,701.61,True,left_pocket
279,5.58,35,0.7085,563.11,738.95,619.2,842.79,591.15,842.79,True,left_pocket
279,5.58,64,0.7915,509.77,731.19,563.48,825.16,536.62,825.16,True,left_pocket
279,5.58,65,0.6696,1325.36,797.63,1359.23,906.94,1342.3,906.94,True,central_corridor
279,5.58,73,0.6851,1466.91,675.29,1503.49,775.87,1485.2,775.87,True,central_corridor
279,5.58,43,0.3906,830.08,523.51,853.89,580.36,841.98,580.36,True,left_half_forward
279,5.58,74,0.4195,247.09,505.57,266.57,562.12,256.83,562.12,True,outside
279,5.58,72,0.382,1277.3,496.89,1300.37,548.21,1288.84,548.21,True,central_corridor
279,5.58,17,0.4998,1325.06,500.93,1350.39,559.55,1337.73,559.55,True,central_corridor
279,5.58,83,0.3778,766.23,490.61,785.86,540.47,776.04,540.47,True,left_half_forward
279,5.58,84,0.4443,1661.69,490.01,1684.51,546.84,1673.1,546.84,True,right_half_forward
279,5.58,79,0.5667,1505.16,657.41,1542.47,767.74,1523.81,767.74,True,central_corridor
279,5.58,76,0.4523,1197.68,563.31,1225.2,631.5,1211.44,631.5,True,central_corridor
280,5.6,29,0.7131,1441.51,815.29,1499.77,928.11,1470.64,928.11,True,central_corridor
280,5.6,36,0.648,109.72,614.63,138.84,693.41,124.28,693.41,True,left_pocket
280,5.6,37,0.5405,942.44,600.66,978.86,672.29,960.65,672.29,True,left_half_forward
280,5.6,47,0.6533,267.01,614.56,305.45,701.5,286.23,701.5,True,left_pocket
280,5.6,35,0.6713,562.11,736.49,619.85,842.12,590.98,842.12,True,left_pocket
280,5.6,64,0.716,512.68,728.4,569.0,824.68,540.84,824.68,True,left_pocket
280,5.6,65,0.6916,1328.01,794.84,1363.2,908.02,1345.6,908.02,True,central_corridor
280,5.6,73,0.686,1466.91,675.28,1504.72,775.38,1485.82,775.38,True,central_corridor
280,5.6,43,0.4207,830.19,522.44,854.89,580.08,842.54,580.08,True,left_half_forward
280,5.6,74,0.4128,247.44,505.28,267.02,561.73,257.23,561.73,True,outside
280,5.6,72,0.361,1279.4,497.52,1300.47,548.95,1289.94,548.95,True,central_corridor
280,5.6,17,0.4489,1326.2,501.15,1351.3,559.37,1338.75,559.37,True,central_corridor
280,5.6,84,0.3772,1663.66,491.27,1686.24,547.47,1674.95,547.47,True,right_half_forward
280,5.6,79,0.5846,1507.08,657.76,1544.79,767.37,1525.93,767.37,True,central_corridor
280,5.6,76,0.5716,1199.77,561.35,1228.42,633.47,1214.09,633.47,True,central_corridor
281,5.62,29,0.6981,1441.73,819.54,1501.23,927.65,1471.48,927.65,True,central_corridor
281,5.62,36,0.6374,109.95,614.35,137.96,694.59,123.95,694.59,True,left_pocket
281,5.62,37,0.5772,942.7,600.69,982.21,673.37,962.45,673.37,True,left_half_forward
281,5.62,47,0.652,264.42,614.49,303.82,701.46,284.12,701.46,True,left_pocket
281,5.62,35,0.6427,573.05,736.47,622.74,839.59,597.9,839.59,True,left_pocket
281,5.62,64,0.6494,515.57,726.53,574.5,825.86,545.04,825.86,True,left_pocket
281,5.62,65,0.7484,1329.66,794.3,1367.98,908.23,1348.82,908.23,True,central_corridor
281,5.62,73,0.7148,1467.3,674.92,1505.0,775.56,1486.15,775.56,True,central_corridor
281,5.62,43,0.4647,830.97,522.06,856.92,578.8,843.95,578.8,True,left_half_forward
281,5.62,74,0.4248,247.53,504.67,267.37,561.86,257.45,561.86,True,outside
281,5.62,17,0.4155,1327.32,500.47,1351.49,558.78,1339.4,558.78,True,central_corridor
281,5.62,79,0.5328,1508.16,659.89,1547.31,765.65,1527.74,765.65,True,central_corridor
281,5.62,76,0.4941,1202.07,562.97,1231.18,633.83,1216.62,633.83,True,central_corridor
282,5.64,29,0.7001,1441.48,820.77,1501.59,927.58,1471.54,927.58,True,central_corridor
282,5.64,36,0.645,109.95,614.25,137.82,695.12,123.88,695.12,True,left_pocket
282,5.64,37,0.5839,942.88,600.73,983.54,674.03,963.21,674.03,True,left_half_forward
282,5.64,47,0.654,263.4,614.34,302.67,701.08,283.04,701.08,True,left_pocket
282,5.64,35,0.6556,577.36,736.38,623.52,838.41,600.44,838.41,True,left_pocket
282,5.64,64,0.6474,516.36,726.19,576.04,826.37,546.2,826.37,True,left_pocket
282,5.64,65,0.7488,1329.99,794.18,1369.63,908.32,1349.81,908.32,True,central_corridor
282,5.64,73,0.7202,1467.31,674.57,1505.11,775.59,1486.21,775.59,True,central_corridor
282,5.64,43,0.4789,831.09,521.84,857.63,578.25,844.36,578.25,True,left_half_forward
282,5.64,74,0.4322,247.49,504.44,267.13,561.86,257.31,561.86,True,outside
282,5.64,17,0.4049,1327.56,500.06,1351.52,558.19,1339.54,558.19,True,central_corridor
282,5.64,79,0.534,1508.41,661.01,1547.48,764.71,1527.94,764.71,True,central_corridor
282,5.64,76,0.4921,1202.64,563.69,1232.14,633.8,1217.39,633.8,True,central_corridor
282,5.64,86,0.447,909.8,479.61,931.89,526.72,920.84,526.72,True,left_half_forward
282,5.64,83,0.3506,765.61,490.89,786.76,540.94,776.18,540.94,True,left_half_forward
283,5.66,29,0.6978,1441.14,821.02,1501.65,928.02,1471.4,928.02,True,central_corridor
283,5.66,36,0.6381,110.0,614.17,137.47,695.16,123.73,695.16,True,left_pocket
283,5.66,37,0.5724,942.84,600.66,984.1,674.32,963.47,674.32,True,left_half_forward
283,5.66,47,0.6586,262.79,614.35,302.11,701.18,282.45,701.18,True,left_pocket
283,5.66,35,0.6491,579.29,736.32,623.75,837.31,601.52,837.31,True,left_pocket
283,5.66,64,0.639,516.46,725.66,576.73,826.87,546.59,826.87,True,left_pocket
283,5.66,65,0.7485,1330.02,793.94,1370.18,908.25,1350.1,908.25,True,central_corridor
283,5.66,73,0.7162,1467.32,674.59,1505.04,775.39,1486.18,775.39,True,central_corridor
283,5.66,43,0.4842,831.07,521.79,858.21,578.01,844.64,578.01,True,left_half_forward
283,5.66,74,0.4406,247.53,504.34,267.07,561.93,257.3,561.93,True,outside
283,5.66,17,0.4007,1327.71,499.81,1351.38,558.04,1339.55,558.04,True,central_corridor
283,5.66,79,0.5309,1508.41,661.18,1547.87,764.51,1528.14,764.51,True,central_corridor
283,5.66,76,0.491,1202.79,563.77,1232.63,633.75,1217.71,633.75,True,central_corridor
283,5.66,86,0.4541,909.79,479.83,931.83,526.78,920.81,526.78,True,left_half_forward
284,5.68,29,0.7192,1443.51,821.04,1503.96,928.75,1473.74,928.75,True,central_corridor
284,5.68,36,0.5907,109.82,613.5,137.5,696.14,123.66,696.14,True,left_pocket
284,5.68,37,0.5463,945.9,600.28,985.14,672.35,965.52,672.35,True,left_half_forward
284,5.68,47,0.6364,261.87,614.13,301.33,701.07,281.6,701.07,True,left_pocket
284,5.68,35,0.6654,580.92,735.97,626.65,838.88,603.79,838.88,True,left_pocket
284,5.68,64,0.4297,526.92,727.23,582.26,828.55,554.59,828.55,True,left_pocket
284,5.68,65,0.7803,1330.85,795.65,1372.76,908.56,1351.8,908.56,True,central_corridor
284,5.68,73,0.693,1469.71,677.47,1505.79,774.93,1487.75,774.93,True,central_corridor
284,5.68,43,0.5125,831.43,521.32,858.8,578.63,845.12,578.63,True,left_half_forward
284,5.68,74,0.4567,247.54,504.32,267.3,562.13,257.42,562.13,True,outside
284,5.68,17,0.4204,1327.64,501.33,1352.51,559.62,1340.07,559.62,True,central_corridor
284,5.68,79,0.5025,1510.7,663.16,1550.53,763.86,1530.61,763.86,True,central_corridor
284,5.68,76,0.4899,1203.24,563.88,1233.9,634.17,1218.57,634.17,True,central_corridor
284,5.68,86,0.387,910.94,480.1,932.57,525.87,921.75,525.87,True,left_half_forward
284,5.68,83,0.3624,765.61,491.83,787.13,544.01,776.37,544.01,True,left_half_forward
285,5.7,29,0.7778,1449.09,817.64,1507.57,930.62,1478.33,930.62,True,central_corridor
285,5.7,36,0.6162,109.62,613.14,137.5,696.27,123.56,696.27,True,left_pocket
285,5.7,37,0.6312,948.63,599.99,986.75,671.9,967.69,671.9,True,left_half_forward
285,5.7,47,0.6332,260.28,614.38,300.46,701.28,280.37,701.28,True,left_pocket
285,5.7,35,0.7054,587.53,735.07,628.92,838.3,608.23,838.3,True,left_pocket
285,5.7,64,0.4905,549.28,729.2,588.73,830.39,569.0,830.39,True,left_pocket
285,5.7,65,0.738,1331.45,795.24,1376.21,907.92,1353.83,907.92,True,central_corridor
285,5.7,73,0.7163,1471.79,678.45,1505.83,775.93,1488.81,775.93,True,central_corridor
285,5.7,43,0.4928,832.61,521.66,859.12,578.51,845.86,578.51,True,left_half_forward
285,5.7,74,0.4276,247.47,504.28,267.49,562.24,257.48,562.24,True,outside
285,5.7,17,0.3786,1328.46,501.9,1352.65,559.51,1340.56,559.51,True,central_corridor
285,5.7,79,0.5319,1513.15,666.4,1550.59,763.05,1531.87,763.05,True,central_corridor
285,5.7,76,0.457,1203.64,563.1,1234.86,634.18,1219.25,634.18,True,central_corridor
285,5.7,86,0.4075,911.68,479.93,933.93,525.43,922.8,525.43,True,left_half_forward
285,5.7,83,0.3536,765.77,492.04,787.5,545.66,776.63,545.66,True,left_half_forward
286,5.72,29,0.7695,1451.09,816.16,1508.78,931.35,1479.93,931.35,True,central_corridor
286,5.72,36,0.6227,109.54,613.05,137.06,696.44,123.3,696.44,True,left_pocket
286,5.72,37,0.6262,949.8,599.91,987.12,671.59,968.46,671.59,True,left_half_forward
286,5.72,47,0.6364,259.21,614.38,299.87,701.68,279.54,701.68,True,left_pocket
286,5.72,35,0.7047,589.78,734.53,629.48,837.72,609.63,837.72,True,left_pocket
286,5.72,64,0.4888,557.58,729.87,590.68,830.98,574.13,830.98,True,left_pocket
286,5.72,65,0.7381,1331.51,795.23,1377.42,907.75,1354.47,907.75,True,central_corridor
286,5.72,73,0.7136,1472.4,678.95,1505.58,776.54,1488.99,776.54,True,central_corridor
286,5.72,43,0.4921,832.86,521.73,859.05,578.68,845.96,578.68,True,left_half_forward
286,5.72,74,0.4328,247.3,504.34,267.46,562.19,257.38,562.19,True,outside
286,5.72,17,0.3638,1328.54,502.49,1352.49,559.44,1340.51,559.44,True,central_corridor
286,5.72,79,0.5248,1513.74,667.53,1550.39,762.76,1532.06,762.76,True,central_corridor
286,5.72,76,0.4512,1203.58,562.95,1235.07,634.24,1219.32,634.24,True,central_corridor
286,5.72,86,0.4176,911.92,480.1,934.23,525.93,923.07,525.93,True,left_half_forward
287,5.74,29,0.6375,1457.4,813.72,1512.88,931.77,1485.14,931.77,True,central_corridor
287,5.74,36,0.6536,109.36,613.07,137.0,695.69,123.18,695.69,True,left_pocket
287,5.74,37,0.6879,952.74,599.51,987.84,671.0,970.29,671.0,True,left_half_forward
287,5.74,47,0.6799,259.34,614.69,298.31,701.07,278.83,701.07,True,left_pocket
287,5.74,35,0.6347,595.04,733.98,631.25,841.07,613.14,841.07,True,left_pocket
287,5.74,64,0.5689,551.94,732.66,592.89,832.97,572.41,832.97,True,left_pocket
287,5.74,65,0.7334,1331.75,790.75,1389.52,909.21,1360.63,909.21,True,central_corridor
287,5.74,73,0.7426,1473.86,678.33,1508.37,774.37,1491.12,774.37,True,central_corridor
287,5.74,43,0.5736,833.39,522.43,860.34,579.29,846.86,579.29,True,left_half_forward
287,5.74,74,0.4447,247.05,504.66,267.87,562.37,257.46,562.37,True,outside
287,5.74,17,0.3528,1329.62,502.88,1352.89,558.6,1341.26,558.6,True,central_corridor
287,5.74,79,0.5051,1517.02,664.46,1550.72,763.77,1533.87,763.77,True,central_corridor
287,5.74,76,0.4067,1204.85,562.07,1236.92,633.2,1220.88,633.2,True,central_corridor
287,5.74,86,0.4792,912.12,480.04,934.71,527.08,923.41,527.08,True,left_half_forward
287,5.74,83,0.3525,765.99,492.51,787.58,545.36,776.78,545.36,True,left_half_forward
288,5.76,29,0.6299,1459.98,814.21,1513.8,932.12,1486.89,932.12,True,central_corridor
288,5.76,36,0.6434,109.11,612.97,136.96,695.41,123.03,695.41,True,left_pocket
288,5.76,37,0.6917,953.69,599.3,987.91,670.65,970.8,670.65,True,left_half_forward
288,5.76,47,0.6831,260.34,614.77,297.38,700.91,278.86,700.91,True,left_pocket
288,5.76,35,0.6352,596.49,733.57,631.54,842.28,614.01,842.28,True,left_pocket
288,5.76,64,0.5531,548.98,734.72,593.32,833.1,571.15,833.1,True,left_pocket
288,5.76,65,0.7357,1331.7,788.17,1393.78,909.67,1362.74,909.67,True,central_corridor
288,5.76,73,0.7419,1474.26,678.04,1509.22,773.5,1491.74,773.5,True,central_corridor
288,5.76,43,0.5744,833.57,522.6,860.86,579.47,847.22,579.47,True,left_half_forward
288,5.76,74,0.4447,246.69,504.65,267.95,562.38,257.32,562.38,True,outside
288,5.76,17,0.3505,1329.76,503.14,1352.85,558.44,1341.3,558.44,True,central_corridor
288,5.76,79,0.5101,1517.86,663.35,1550.71,764.26,1534.29,764.26,True,central_corridor
288,5.76,76,0.4125,1205.05,561.53,1237.6,632.82,1221.32,632.82,True,central_corridor
288,5.76,86,0.4983,912.09,480.14,934.64,527.59,923.36,527.59,True,left_half_forward
288,5.76,89,0.3924,557.55,730.63,598.53,836.25,578.04,836.25,True,left_pocket
288,5.76,90,0.4008,366.19,482.51,385.79,535.24,375.99,535.24,False,outside
288,5.76,83,0.3503,766.07,492.66,787.65,545.03,776.86,545.03,True,left_half_forward
289,5.78,29,0.577,1467.06,811.67,1516.07,930.48,1491.56,930.48,True,central_corridor
289,5.78,36,0.6666,108.81,613.4,136.55,695.0,122.68,695.0,True,left_pocket
289,5.78,37,0.6411,960.09,599.47,990.58,669.56,975.33,669.56,True,left_half_forward
289,5.78,47,0.6801,260.96,614.58,297.38,701.29,279.17,701.29,True,left_pocket
289,5.78,35,0.7478,601.1,732.97,635.45,842.45,618.28,842.45,True,left_pocket
289,5.78,65,0.7577,1330.59,789.36,1396.52,910.36,1363.55,910.36,True,central_corridor
289,5.78,73,0.7307,1477.06,678.42,1512.49,773.45,1494.77,773.45,True,central_corridor
289,5.78,43,0.6088,836.72,522.33,861.31,578.43,849.01,578.43,True,left_half_forward
289,5.78,74,0.4379,247.3,505.1,268.6,562.09,257.95,562.09,True,outside
289,5.78,79,0.4978,1520.27,662.66,1551.35,762.3,1535.81,762.3,True,central_corridor
289,5.78,76,0.4243,1208.04,561.82,1238.92,632.56,1223.48,632.56,True,central_corridor
289,5.78,86,0.4808,913.2,480.86,935.12,528.68,924.16,528.68,True,left_half_forward
289,5.78,89,0.7762,560.77,732.22,599.27,835.59,580.02,835.59,True,left_pocket
289,5.78,90,0.457,367.13,481.47,386.63,534.19,376.88,534.19,False,outside
289,5.78,83,0.3859,766.78,493.15,788.28,544.01,777.53,544.01,True,left_half_forward
290,5.8,29,0.5818,1469.25,810.59,1516.68,930.01,1492.97,930.01,True,central_corridor
290,5.8,36,0.6688,108.65,613.55,136.19,694.61,122.42,694.61,True,left_pocket
290,5.8,37,0.6303,962.04,599.53,991.64,669.25,976.84,669.25,True,left_half_forward
290,5.8,47,0.6848,261.19,614.47,297.21,701.09,279.2,701.09,True,left_pocket
290,5.8,35,0.749,602.49,732.61,636.87,842.27,619.68,842.27,True,left_pocket
290,5.8,65,0.7616,1329.98,789.88,1397.19,910.54,1363.59,910.54,True,central_corridor
290,5.8,73,0.7322,1477.96,678.38,1513.43,773.45,1495.7,773.45,True,central_corridor
290,5.8,43,0.612,838.14,522.26,861.6,577.93,849.87,577.93,True,left_half_forward
290,5.8,74,0.4463,247.18,505.21,268.66,562.15,257.92,562.15,True,outside
290,5.8,79,0.4882,1521.18,662.21,1551.44,761.33,1536.31,761.33,True,central_corridor
290,5.8,76,0.4371,1208.92,561.75,1239.21,632.38,1224.07,632.38,True,central_corridor
290,5.8,86,0.4778,913.61,481.35,935.24,528.87,924.43,528.87,True,left_half_forward
290,5.8,89,0.7778,561.69,732.87,599.44,835.31,580.57,835.31,True,left_pocket
290,5.8,90,0.469,367.55,480.95,386.93,533.66,377.24,533.66,False,outside
290,5.8,83,0.3819,767.02,493.2,788.57,544.09,777.8,544.09,True,left_half_forward
291,5.82,29,0.674,1477.94,813.03,1516.63,930.67,1497.29,930.67,True,central_corridor
291,5.82,36,0.6701,108.35,613.61,136.73,694.28,122.54,694.28,True,left_pocket
291,5.82,37,0.5953,964.19,599.35,993.98,671.18,979.09,671.18,True,left_half_forward
291,5.82,47,0.6872,262.65,614.19,297.95,701.27,280.3,701.27,True,left_pocket
291,5.82,35,0.6544,603.45,731.82,639.66,841.73,621.55,841.73,True,left_pocket
291,5.82,65,0.7415,1330.75,792.87,1401.21,910.63,1365.98,910.63,True,central_corridor
291,5.82,73,0.7627,1478.33,678.28,1513.62,773.78,1495.98,773.78,True,central_corridor
291,5.82,43,0.6124,839.08,522.56,862.55,578.07,850.82,578.07,True,left_half_forward
291,5.82,74,0.4182,247.44,505.54,269.08,561.55,258.26,561.55,True,outside
291,5.82,79,0.5575,1523.87,661.98,1553.59,758.29,1538.73,758.29,True,central_corridor
291,5.82,76,0.3863,1209.68,563.16,1240.02,632.27,1224.85,632.27,True,central_corridor
291,5.82,86,0.4005,913.91,481.12,936.31,528.61,925.11,528.61,True,left_half_forward
291,5.82,89,0.5589,566.17,732.3,611.09,835.63,588.63,835.63,True,left_pocket
291,5.82,90,0.3925,369.18,482.45,389.24,533.81,379.21,533.81,False,outside
291,5.82,83,0.4009,767.47,493.8,789.16,544.86,778.32,544.86,True,left_half_forward
292,5.84,29,0.6682,1480.81,814.84,1516.27,931.02,1498.54,931.02,True,central_corridor
292,5.84,36,0.6707,108.18,613.46,137.01,694.06,122.6,694.06,True,left_pocket
292,5.84,37,0.5989,964.8,599.21,994.8,671.47,979.8,671.47,True,left_half_forward
292,5.84,47,0.6903,262.4,614.1,297.88,701.32,280.14,701.32,True,left_pocket
292,5.84,35,0.6477,603.5,731.56,640.6,841.61,622.05,841.61,True,left_pocket
292,5.84,65,0.7481,1330.8,795.05,1402.3,910.64,1366.55,910.64,True,central_corridor
292,5.84,73,0.7616,1478.39,678.02,1513.47,773.95,1495.93,773.95,True,central_corridor
292,5.84,43,0.6034,839.36,522.88,862.99,578.14,851.18,578.14,True,left_half_forward
292,5.84,74,0.4192,247.69,505.67,269.14,561.27,258.42,561.27,True,outside
292,5.84,79,0.5499,1524.93,661.83,1554.26,756.57,1539.59,756.57,True,central_corridor
292,5.84,76,0.3863,1210.81,563.68,1239.45,631.62,1225.13,631.62,True,central_corridor
292,5.84,86,0.4088,913.85,481.08,936.71,528.36,925.28,528.36,True,left_half_forward
292,5.84,89,0.5551,567.43,731.95,615.27,836.03,591.35,836.03,True,left_pocket
292,5.84,90,0.3949,369.53,483.42,389.89,534.23,379.71,534.23,False,outside
292,5.84,83,0.4011,767.6,494.14,789.44,545.07,778.52,545.07,True,left_half_forward
292,5.84,91,0.4315,248.02,613.5,298.84,700.54,273.43,700.54,True,left_pocket
293,5.86,29,0.5839,1486.12,814.36,1520.93,933.11,1503.53,933.11,True,central_corridor
293,5.86,36,0.6465,108.01,613.73,136.45,693.83,122.23,693.83,True,left_pocket
293,5.86,37,0.5776,967.52,599.11,997.34,670.92,982.43,670.92,True,left_half_forward
293,5.86,47,0.6694,264.75,614.25,298.17,701.24,281.46,701.24,True,left_pocket
293,5.86,35,0.5768,605.66,731.62,643.75,842.59,624.7,842.59,True,left_pocket
293,5.86,65,0.7576,1330.45,796.27,1402.98,911.82,1366.71,911.82,True,central_corridor
293,5.86,73,0.7962,1476.5,676.93,1514.58,772.59,1495.54,772.59,True,central_corridor
293,5.86,43,0.5573,840.02,523.04,863.58,577.78,851.8,577.78,True,left_half_forward
293,5.86,74,0.398,247.59,506.14,268.37,560.53,257.98,560.53,True,outside
293,5.86,79,0.5776,1528.17,662.09,1556.65,746.97,1542.41,746.97,True,central_corridor
293,5.86,76,0.4343,1212.05,565.11,1241.14,630.92,1226.59,630.92,True,central_corridor
293,5.86,86,0.4741,915.3,480.51,936.65,526.82,925.97,526.82,True,left_half_forward
293,5.86,89,0.3543,571.42,731.37,615.7,836.64,593.56,836.64,True,left_pocket
293,5.86,83,0.388,767.86,493.6,789.03,547.41,778.44,547.41,True,left_half_forward
294,5.88,29,0.5847,1487.63,814.11,1522.33,933.71,1504.98,933.71,True,central_corridor
294,5.88,36,0.6487,107.83,613.74,136.14,693.46,121.98,693.46,True,left_pocket
294,5.88,37,0.5768,968.21,599.19,998.1,670.83,983.15,670.83,True,left_half_forward
294,5.88,47,0.6729,265.39,614.25,298.35,701.16,281.87,701.16,True,left_pocket
294,5.88,35,0.5875,606.48,731.8,645.29,843.09,625.88,843.09,True,left_pocket
294,5.88,65,0.7631,1330.15,796.18,1403.01,912.16,1366.58,912.16,True,central_corridor
294,5.88,73,0.7944,1475.73,676.45,1514.81,771.94,1495.27,771.94,True,central_corridor
294,5.88,43,0.5605,840.06,523.04,863.59,577.77,851.83,577.77,True,left_half_forward
294,5.88,74,0.3898,247.38,506.38,267.99,560.12,257.68,560.12,True,outside
294,5.88,79,0.5661,1529.12,661.96,1557.44,743.95,1543.28,743.95,True,central_corridor
294,5.88,76,0.4397,1212.16,565.65,1241.69,630.77,1226.92,630.77,True,central_corridor
294,5.88,86,0.4779,915.78,480.15,936.47,526.31,926.12,526.31,True,left_half_forward
294,5.88,83,0.3946,767.74,493.31,788.76,548.45,778.25,548.45,True,left_half_forward
294,5.88,64,0.3574,569.32,733.49,608.09,837.38,588.71,837.38,True,left_pocket
295,5.9,29,0.5724,1487.97,813.82,1523.05,933.81,1505.51,933.81,True,central_corridor
295,5.9,36,0.6471,107.79,613.63,136.03,693.44,121.91,693.44,True,left_pocket
295,5.9,37,0.5814,968.26,599.14,998.29,670.75,983.27,670.75,True,left_half_forward
295,5.9,47,0.6739,265.16,614.18,298.44,700.96,281.8,700.96,True,left_pocket
295,5.9,35,0.5928,606.71,731.84,645.94,843.27,626.33,843.27,True,left_pocket
295,5.9,65,0.7592,1329.98,795.97,1402.84,912.3,1366.41,912.3,True,central_corridor
295,5.9,73,0.7964,1475.57,676.18,1514.8,771.61,1495.19,771.61,True,central_corridor
295,5.9,43,0.5605,840.19,523.11,863.53,577.73,851.86,577.73,True,left_half_forward
295,5.9,74,0.3823,247.28,506.53,267.9,559.63,257.59,559.63,True,outside
295,5.9,79,0.5637,1529.46,661.9,1557.75,743.35,1543.61,743.35,True,central_corridor
295,5.9,76,0.4486,1212.36,565.71,1241.75,630.8,1227.05,630.8,True,central_corridor
295,5.9,86,0.4815,915.77,479.94,936.38,526.66,926.07,526.66,True,left_half_forward
295,5.9,83,0.3941,767.59,493.18,788.65,549.64,778.12,549.64,True,left_half_forward
295,5.9,91,0.367,249.67,613.72,299.1,700.17,274.39,700.17,True,left_pocket
296,5.92,29,0.6074,1491.15,816.12,1525.77,934.59,1508.46,934.59,True,central_corridor
296,5.92,36,0.6263,107.93,613.64,135.86,692.9,121.9,692.9,True,left_pocket
296,5.92,37,0.6327,970.56,598.7,1000.18,670.1,985.37,670.1,True,left_half_forward
296,5.92,47,0.6661,267.08,614.61,298.71,700.13,282.89,700.13,True,left_pocket
296,5.92,35,0.5225,606.16,729.18,650.67,843.39,628.42,843.39,True,left_pocket
296,5.92,65,0.7861,1329.98,794.44,1403.61,913.39,1366.8,913.39,True,central_corridor
296,5.92,73,0.8121,1476.9,676.26,1515.79,771.25,1496.35,771.25,True,central_corridor
296,5.92,43,0.5379,842.43,522.18,864.35,575.91,853.39,575.91,True,left_half_forward
296,5.92,74,0.383,247.69,505.78,268.76,559.5,258.23,559.5,True,outside
296,5.92,79,0.5692,1531.39,661.19,1559.64,744.64,1545.51,744.64,True,central_corridor
296,5.92,76,0.4984,1214.57,566.26,1244.15,631.65,1229.36,631.65,True,central_corridor
296,5.92,86,0.4808,917.35,480.14,937.01,527.79,927.18,527.79,True,left_half_forward
296,5.92,83,0.3676,767.72,493.17,789.13,548.76,778.42,548.76,True,left_half_forward
296,5.92,17,0.355,1338.67,504.72,1360.34,557.49,1349.5,557.49,True,central_corridor
296,5.92,89,0.4624,579.95,727.25,627.77,832.85,603.86,832.85,True,left_pocket
296,5.92,64,0.5025,578.33,728.48,641.78,835.47,610.05,835.47,True,left_pocket
297,5.94,29,0.5936,1491.46,817.47,1526.56,934.06,1509.01,934.06,True,central_corridor
297,5.94,36,0.6216,107.85,613.65,135.67,692.43,121.76,692.43,True,left_pocket
297,5.94,37,0.6292,971.18,598.42,1000.61,669.9,985.9,669.9,True,left_half_forward
297,5.94,47,0.6648,267.83,614.66,298.68,699.67,283.25,699.67,True,left_pocket
297,5.94,35,0.527,605.7,728.13,652.76,843.91,629.23,843.91,True,left_pocket
297,5.94,65,0.7858,1329.85,793.57,1403.85,913.82,1366.85,913.82,True,central_corridor
297,5.94,73,0.8088,1477.47,676.2,1516.14,771.03,1496.81,771.03,True,central_corridor
297,5.94,43,0.5264,843.12,521.79,864.57,575.29,853.85,575.29,True,left_half_forward
297,5.94,74,0.3861,247.45,505.4,269.07,559.45,258.26,559.45,True,outside
297,5.94,79,0.5576,1531.99,660.9,1560.3,746.11,1546.14,746.11,True,central_corridor
297,5.94,76,0.5005,1215.26,566.24,1244.86,632.07,1230.06,632.07,True,central_corridor
297,5.94,86,0.4834,917.76,480.26,937.16,528.32,927.46,528.32,True,left_half_forward
297,5.94,83,0.3704,767.71,493.07,789.53,548.13,778.62,548.13,True,left_half_forward
297,5.94,89,0.4641,580.9,726.69,628.92,832.31,604.91,832.31,True,left_pocket
297,5.94,64,0.5077,580.11,727.33,648.54,835.3,614.33,835.3,True,left_pocket
298,5.96,29,0.5667,1493.16,813.96,1532.22,931.33,1512.69,931.33,True,central_corridor
298,5.96,36,0.6349,107.46,612.99,135.78,693.01,121.62,693.01,True,left_pocket
298,5.96,37,0.617,974.52,599.12,1003.17,673.37,988.84,673.37,True,left_half_forward
298,5.96,47,0.6532,266.76,615.06,299.79,700.62,283.27,700.62,True,left_pocket
298,5.96,65,0.7816,1331.87,795.51,1403.69,912.69,1367.78,912.69,True,central_corridor
298,5.96,73,0.7867,1477.08,675.9,1518.08,770.26,1497.58,770.26,True,central_corridor
298,5.96,43,0.5448,844.02,521.36,865.25,576.94,854.64,576.94,True,left_half_forward
298,5.96,74,0.4306,246.9,505.46,269.7,561.4,258.3,561.4,True,outside
298,5.96,79,0.6426,1531.59,661.1,1561.58,758.77,1546.58,758.77,True,central_corridor
298,5.96,76,0.4962,1216.65,565.45,1244.89,631.97,1230.77,631.97,True,central_corridor
298,5.96,86,0.458,918.56,478.59,937.65,528.45,928.1,528.45,True,left_half_forward
298,5.96,83,0.425,768.37,493.17,790.39,547.62,779.38,547.62,True,left_half_forward
298,5.96,89,0.4127,579.17,728.25,634.85,835.13,607.01,835.13,True,left_pocket
298,5.96,64,0.6517,580.64,727.56,664.13,842.36,622.39,842.36,True,left_pocket
298,5.96,72,0.3548,1290.83,497.72,1315.65,552.27,1303.24,552.27,True,central_corridor
298,5.96,17,0.3878,1339.95,503.67,1361.37,558.75,1350.66,558.75,True,central_corridor
299,5.98,29,0.5659,1493.53,812.7,1534.22,930.31,1513.88,930.31,True,central_corridor
299,5.98,36,0.6269,107.34,612.74,135.65,693.04,121.49,693.04,True,left_pocket
299,5.98,37,0.621,975.56,599.41,1003.97,674.61,989.77,674.61,True,left_half_forward
299,5.98,47,0.6601,265.2,615.04,300.39,701.0,282.79,701.0,True,left_pocket
299,5.98,65,0.78,1332.47,795.99,1403.49,912.23,1367.98,912.23,True,central_corridor
299,5.98,73,0.7841,1476.62,676.0,1518.71,770.18,1497.66,770.18,True,central_corridor
299,5.98,43,0.5505,844.07,521.18,865.37,577.54,854.72,577.54,True,left_half_forward
299,5.98,74,0.4311,246.58,505.52,269.85,562.01,258.22,562.01,True,outside
299,5.98,79,0.6435,1531.41,661.01,1561.8,763.01,1546.61,763.01,True,central_corridor
299,5.98,76,0.4969,1217.12,565.15,1244.62,631.71,1230.87,631.71,True,central_corridor
299,5.98,86,0.4832,919.02,477.85,937.76,528.6,928.39,528.6,True,left_half_forward
299,5.98,83,0.4199,768.61,493.12,790.42,547.43,779.51,547.43,True,left_half_forward
299,5.98,89,0.4129,578.6,728.92,636.81,835.41,607.7,835.41,True,left_pocket
299,5.98,64,0.6376,580.77,727.72,670.05,844.75,625.41,844.75,True,left_pocket
299,5.98,72,0.3517,1291.07,497.84,1315.94,552.17,1303.5,552.17,True,central_corridor
299,5.98,17,0.4067,1340.27,503.43,1361.22,558.83,1350.75,558.83,True,central_corridor
